DOI,Core composition,Shell composition,Area/volume,Max/min(size),Magnetic moment of core,Spin of surface elements,Saturation magnetization,LogP of organic coating,Number H acceptors of organic coating,Field strength,r2 relaxivity
https://doi.org/10.1016/j.mri.2022.09.009,Fe1Fe2O4,,0.353,0.000,2.391,1.000,54.820,0.000,0.000,0.300,120.840
https://doi.org/10.1016/j.mri.2022.09.009,Fe1Fe2O4,PVA,0.438,0.000,2.391,1.000,39.620,0.693,2.000,0.300,125.860
https://doi.org/10.1186/s12951-022-01562-y,Fe1Fe2O4,PASP,1.199,0.000,2.391,1.000,44.333,-1.127,3.000,3.000,14.000
https://doi.org/10.1186/s12951-022-01562-y,Fe1Fe2O4,PASP,0.375,0.000,2.391,1.000,63.667,-1.127,3.000,3.000,154.200
https://doi.org/10.1186/s12951-022-01562-y,Fe1Fe2O4,PASP,0.908,0.000,2.391,1.000,49.600,-1.127,3.000,3.000,31.900
https://doi.org/10.1186/s12951-022-01562-y,Fe1Fe2O4,PASP,0.789,0.000,2.391,1.000,32.060,-1.127,3.000,3.000,27.800
https://doi.org/10.1186/s12951-022-01562-y,Fe1Fe2O4,PASP,0.810,0.000,2.391,1.000,16.000,-1.127,3.000,3.000,34.000
https://doi.org/10.1186/s12951-022-01562-y,Fe1Fe2O4,PASP,0.810,0.000,2.391,1.000,16.000,-1.127,3.000,7.000,48.900
https://doi.org/10.1186/s12951-022-01562-y,Fe1Fe2O4,PASP,0.749,0.000,2.391,1.000,44.000,-1.127,3.000,3.000,34.600
https://doi.org/10.1186/s12951-022-01562-y,Fe1Fe2O4,PASP,0.625,0.000,2.391,1.000,60.200,-1.127,3.000,3.000,38.800
https://doi.org/10.3390/nano12193304,Fe2O3,,0.384,0.000,2.368,1.000,69.300,0.000,0.000,1.500,108.000
https://doi.org/10.3390/nano12193304,Zn0.26Mn0.23Fe1.51O3,,0.389,0.000,2.060,0.870,91.500,0.000,0.000,1.500,294.000
https://doi.org/10.3390/nano12193304,Fe2O3,,0.193,0.000,2.368,1.000,82.900,0.000,0.000,1.500,345.000
https://doi.org/10.3390/nano12193304,Zn0.24Fe1.76O3,,0.224,0.000,2.084,0.880,97.200,0.000,0.000,1.500,467.000
https://doi.org/10.1155/2022/5066167,Ni1Fe2O4,,0.100,0.000,2.096,0.929,46.700,0.000,0.000,0.350,67.410
https://doi.org/10.1016/j.ceramint.2021.08.308,Mn1Fe2O4,sodium citrate,0.638,0.000,2.537,1.071,35.700,-5.253,7.000,7.000,74.140
https://doi.org/10.1134/S0036024421130203,Co0.8Zn0.2Fe2O4,,1.000,0.000,2.135,0.943,73.080,0.000,0.000,2.000,146.000
https://doi.org/10.1142/S0219581X21500472,Ni1Fe2O4,,1.874,0.000,2.096,0.929,49.840,0.000,0.000,1.500,594.000
https://doi.org/10.1016/j.jics.2021.100163,Mn1Fe2O4,citric acid,0.428,0.000,2.537,1.071,46.000,-1.248,4.000,3.000,593.900
https://doi.org/10.1002/slct.202102791,Fe1Fe2O4,Au,0.114,0.000,2.391,1.000,33.000,0.000,0.000,1.500,125.200
https://doi.org/10.1039/D1NR03335B,Fe1Fe2O4,,0.167,0.000,2.391,1.000,64.000,0.000,0.000,1.410,189.000
https://doi.org/10.1039/D1NR03335B,Fe1Fe2O4,,0.136,0.000,2.391,1.000,88.000,0.000,0.000,1.410,303.000
https://doi.org/10.1039/D1NR03335B,Fe1Fe2O4,,0.167,0.000,2.391,1.000,104.000,0.000,0.000,1.410,405.000
https://doi.org/10.1039/D1NR03335B,Fe1Fe2O4,,0.107,0.000,2.391,1.000,89.000,0.000,0.000,1.410,274.000
https://doi.org/10.1021/acsomega.0c05382,Mn1Fe2O4,PEG,0.044,0.000,2.537,1.071,62.730,-1.029,2.000,7.000,215.720
https://doi.org/10.1021/acsomega.0c05382,Mn1Fe2O4,PEG,0.043,0.000,2.537,1.071,56.960,-1.029,2.000,7.000,213.680
https://doi.org/10.1021/acsomega.0c05382,Mn1Fe2O4,PEG,0.040,0.000,2.537,1.071,41.500,-1.029,2.000,7.000,197.120
https://doi.org/10.1021/acsomega.0c05382,Mn1Fe2O4,PEG,0.049,0.000,2.537,1.071,37.730,-1.029,2.000,7.000,156.840
https://doi.org/10.1021/acsomega.0c05382,Mn1Fe2O4,PEG,0.053,0.000,2.537,1.071,35.590,-1.029,2.000,7.000,113.580
https://doi.org/10.2147/IJN.S322894,Fe1Fe2O4,Au,0.120,0.000,2.391,1.000,51.000,0.000,0.000,3.000,166.000
https://doi.org/10.2147/IJN.S322894,Fe1Fe2O4,Au,0.120,0.000,2.391,1.000,51.000,0.000,0.000,3.000,211.000
https://doi.org/10.1016/j.jcis.2020.06.011,Fe1Fe2O4,DMSA,0.428,0.000,2.391,1.000,76.000,-0.248,4.000,1.500,185.100
https://doi.org/10.1016/j.jcis.2020.06.011,Mn0.1Fe0.9Fe2O4,DMSA,0.428,0.000,2.406,1.007,65.000,-0.248,4.000,1.500,183.900
https://doi.org/10.1016/j.jcis.2020.06.011,Mn0.13Fe0.87Fe2O4,DMSA,0.428,0.000,2.410,1.009,60.000,-0.248,4.000,1.500,257.400
https://doi.org/10.1016/j.jcis.2020.06.011,Mn0.19Fe0.81Fe2O4,DMSA,0.428,0.000,2.419,1.014,72.000,-0.248,4.000,1.500,245.400
https://doi.org/10.1016/j.jcis.2020.06.011,Mn0.23Fe0.77Fe2O4,DMSA,0.428,0.000,2.425,1.016,69.000,-0.248,4.000,1.500,277.700
https://doi.org/10.1016/j.jcis.2020.06.011,Mn0.3Fe0.7Fe2O4,DMSA,0.428,0.000,2.435,1.021,62.000,-0.248,4.000,1.500,275.900
https://doi.org/10.1016/j.jcis.2020.06.011,Mn0.5Fe0.5Fe2O4,DMSA,0.428,0.000,2.464,1.036,51.000,-0.248,4.000,1.500,140.200
10.1021/nl071099b,Mn1Fe2O4,PEG-PEI,0.333,0.000,2.537,1.071,72.667,-1.761,4.000,3.000,57.000
10.1021/nl071099b,Mn1Fe2O4,PEG-PEI,0.167,0.000,2.537,1.071,84.667,-1.761,4.000,3.000,107.000
10.1016/j.jmmm.2009.07.057,Mn1Fe2O4,DMSA,0.394,0.000,2.537,1.071,53.100,-0.248,4.000,9.400,227.600
10.1016/j.jmmm.2009.07.057,Fe1Fe2O4,DMSA,0.500,0.000,2.391,1.000,50.300,-0.248,4.000,9.400,255.900
10.1016/j.jmmm.2009.07.057,Co1Fe2O4,DMSA,0.375,0.000,2.246,1.000,65.300,-0.248,4.000,9.400,392.500
https://doi.org/10.1039/B912149H,Mn1Fe2O4,polysorbate 80,0.250,0.000,2.537,1.071,37.000,4.115,10.000,1.500,384.000
10.1016/j.biomaterials.2010.01.055,Mn1Fe2O4,TEG,0.428,0.000,2.537,1.071,39.000,-0.996,4.000,0.500,189.300
https://doi.org/10.1039/C4DT00162A,Mn1Fe2O4,CTAB,0.349,0.000,2.537,1.071,54.600,3.178,0.000,9.400,196.600
https://doi.org/10.1039/C4DT00162A,Mn1Fe2O4,CTAB,0.366,0.000,2.537,1.071,65.700,3.178,0.000,9.400,345.500
https://doi.org/10.1021/jp510937r,Mn1Fe2O4,citric acid,0.167,0.000,2.537,1.071,76.200,-1.248,4.000,1.500,394.000
10.1186/s40580-014-0032-4,Mn1Fe2O4,PEG,0.500,0.000,2.537,1.071,48.300,-1.029,2.000,1.500,249.000
10.1186/s40580-014-0032-4,Mn1Fe2O4,PEG,0.250,0.000,2.537,1.071,87.700,-1.029,2.000,1.500,448.000
https://doi.org/10.1039/C4NR05781C,Mn1Fe2O4,Gallol-PEG,0.500,0.000,2.537,1.071,50.500,0.803,3.000,1.500,65.000
https://doi.org/10.1039/C4NR05781C,Mn1Fe2O4,Gallol-PEG,0.500,0.000,2.537,1.071,50.500,0.803,3.000,9.400,63.000
https://doi.org/10.1039/C4NR05781C,Mn1Fe2O4,Gallol-PEG,0.400,0.000,2.537,1.071,59.000,0.803,3.000,1.500,88.000
https://doi.org/10.1039/C4NR05781C,Mn1Fe2O4,Gallol-PEG,0.400,0.000,2.537,1.071,59.000,0.803,3.000,9.400,102.000
https://doi.org/10.1039/C4NR05781C,Mn1Fe2O4,Gallol-PEG,0.333,0.000,2.537,1.071,73.000,0.803,3.000,1.500,104.000
https://doi.org/10.1039/C4NR05781C,Mn1Fe2O4,Gallol-PEG,0.333,0.000,2.537,1.071,73.000,0.803,3.000,9.400,136.600
https://doi.org/10.1039/C4NR05781C,Mn1Fe2O4,Gallol-PEG,0.250,0.000,2.537,1.071,91.000,0.803,3.000,1.500,174.000
https://doi.org/10.1039/C4NR05781C,Mn1Fe2O4,Gallol-PEG,0.250,0.000,2.537,1.071,91.000,0.803,3.000,9.400,261.100
https://doi.org/10.1039/C4NR05781C,Mn1Fe2O4,Gallol-PEG,0.214,0.000,2.537,1.071,106.000,0.803,3.000,1.500,301.000
https://doi.org/10.1039/C4NR05781C,Mn1Fe2O4,Gallol-PEG,0.214,0.000,2.537,1.071,106.000,0.803,3.000,9.400,336.000
https://doi.org/10.1039/C4DT02425G,Mn1Fe2O4,CTAB,0.143,0.000,2.537,1.071,6.300,3.178,0.000,1.500,165.600
https://doi.org/10.1039/C4DT02425G,Co1Fe2O4,CTAB,0.111,0.000,2.246,1.000,22.000,3.178,0.000,1.500,65.140
https://doi.org/10.1021/acsami.6b01377,Fe1Fe2O4,NDOPA-PEG,0.370,0.000,2.391,1.000,51.000,0.507,5.000,3.000,355.000
https://doi.org/10.1021/acsami.6b01377,Mn1Fe2O4,NDOPA-PEG,0.384,0.000,2.537,1.071,93.000,0.507,5.000,3.000,448.000
https://doi.org/10.1021/acsami.6b01377,Zn0.2Mn0.8Fe2O4,NDOPA-PEG,0.389,0.000,2.368,1.000,103.000,0.507,5.000,3.000,552.000
10.1021/acsnano.6b07684,Mn1Fe2O4,phosphorylated PEG,1.499,0.000,2.537,1.071,18.590,-0.929,1.000,3.000,21.020
10.1021/acsnano.6b07684,Mn1Fe2O4,phosphorylated PEG,0.999,0.000,2.537,1.071,24.910,-0.929,1.000,3.000,21.970
10.1021/acsnano.6b07684,Mn1Fe2O4,phosphorylated PEG,0.769,0.000,2.537,1.071,29.180,-0.929,1.000,3.000,27.080
10.1021/acsnano.6b07684,Fe1Fe2O4,phosphorylated PEG,0.999,0.000,2.391,1.000,31.000,-0.929,1.000,3.000,28.590
10.1021/acsnano.6b07684,Mn1Fe2O4,phosphorylated PEG,0.500,0.000,2.537,1.071,50.000,-0.929,1.000,3.000,64.080
10.1039/C7RA05495E,Mn1Fe2O4,PEG,0.468,0.000,2.537,1.071,33.700,-1.029,2.000,9.400,118.000
10.1039/C7RA05495E,Fe1Fe2O4,PEG,0.300,0.000,2.391,1.000,34.400,-1.029,2.000,9.400,75.000
10.1039/C7RA05495E,Co1Fe2O4,PEG,0.500,0.000,2.246,1.000,33.300,-1.029,2.000,9.400,99.000
10.1039/C7RA05495E,Ni1Fe2O4,PEG,0.483,0.000,2.096,0.929,28.400,-1.029,2.000,9.400,36.000
10.1039/C7RA05495E,Cu1Fe2O4,PEG,0.345,0.000,1.939,0.786,23.200,-1.029,2.000,9.400,34.000
10.1021/acs.nanolett.9b00630,Fe1Fe2O4,DHCA,0.375,0.000,2.391,1.000,35.800,1.115,3.000,7.000,171.900
10.1021/acs.nanolett.9b00630,Fe1Fe2O4,DHCA,0.167,0.000,2.391,1.000,60.400,1.115,3.000,7.000,162.100
10.1021/acs.nanolett.9b00630,Mn1Fe2O4,DHCA,0.375,0.000,2.537,1.071,43.000,1.115,3.000,7.000,124.800
10.1021/acs.nanolett.9b00630,Mn1Fe2O4,DHCA,0.167,0.000,2.537,1.071,75.000,1.115,3.000,7.000,195.400
10.1002/adma.201906799,Mn1Fe2O4,Cys-Arg-Glu-Lys-Ala,0.731,0.000,2.537,1.071,19.100,-3.665,10.000,7.000,24.540
10.1002/adma.201906799,Mn1Fe2O4,DHCA,0.769,0.000,2.537,1.071,20.800,1.115,3.000,7.000,26.450
https://doi.org/10.1016/j.jmmm.2018.11.097,Mn1Fe2O4,PEG,0.063,0.000,2.537,1.071,60.000,-1.029,2.000,1.500,314.200
10.1088/2053-1591/ab66a4,Fe1Mn2O4,CTAB,0.312,0.000,2.537,1.071,59.000,3.178,0.000,1.500,296.110
10.1088/0022-3727/41/13/134021,Mn1.12Fe1.88O4,,0.983,0.000,2.537,1.071,44.000,0.000,0.000,1.500,7.400
10.1088/0022-3727/41/13/134021,Mn1.12Fe1.88O4,,0.983,0.000,2.537,1.071,44.000,0.000,0.000,3.000,15.300
10.1088/0022-3727/41/13/134021,Mn1.13Fe1.87O4,,0.643,0.000,2.537,1.071,43.200,0.000,0.000,3.000,18.300
10.1088/0022-3727/41/13/134021,Mn1.13Fe1.87O4,,0.643,0.000,2.537,1.071,43.200,0.000,0.000,0.200,6.800
10.1088/0022-3727/41/13/134021,Mn1.13Fe1.87O4,,0.643,0.000,2.537,1.071,43.200,0.000,0.000,1.500,14.500
10.1088/0022-3727/41/13/134021,Mn1.09Fe1.91O4,,0.502,0.000,2.537,1.071,42.000,0.000,0.000,3.000,99.400
10.1088/0022-3727/41/13/134021,Mn1.09Fe1.91O4,,0.502,0.000,2.537,1.071,42.000,0.000,0.000,0.200,45.800
10.1088/0022-3727/41/13/134021,Mn1.09Fe1.91O4,,0.502,0.000,2.537,1.071,42.000,0.000,0.000,1.500,84.700
10.1088/0022-3727/41/13/134021,Mn1.12Fe1.88O4,,0.621,0.000,2.537,1.071,44.000,0.000,0.000,3.000,50.800
10.1088/0022-3727/41/13/134021,Mn1.12Fe1.88O4,,0.621,0.000,2.537,1.071,44.000,0.000,0.000,0.200,10.000
10.1088/0022-3727/41/13/134021,Mn1.12Fe1.88O4,,0.621,0.000,2.537,1.071,44.000,0.000,0.000,1.500,28.500
10.1073/pnas.0902365106,Mn1Fe2O4,DMSA,0.300,0.000,2.537,1.071,80.900,-0.248,4.000,0.500,220.000
10.1073/pnas.0902365106,Mn1Fe2O4,DMSA,0.250,0.000,2.537,1.071,109.300,-0.248,4.000,0.500,379.000
10.1073/pnas.0902365106,Mn1Fe2O4,DMSA,0.187,0.000,2.537,1.071,125.400,-0.248,4.000,0.500,420.000
10.1039/C5DT00212E,Mn0.29Fe0.71Fe2O4,PEG,0.461,0.000,2.434,1.021,65.600,-1.029,2.000,9.000,32.700
10.1039/C5DT00212E,Mn0.35Fe0.65Fe2O4,PG,0.500,0.000,2.442,1.025,80.300,-0.641,2.000,9.000,64.500
10.1039/C5DT00212E,Mn0.57Fe0.43Fe2O4,PG&TEG,0.517,0.000,2.474,1.041,75.700,-0.574,6.000,9.000,126.500
10.1039/C5DT00212E,Mn0.77Fe0.23Fe2O4,TEG,0.600,0.000,2.504,1.055,60.300,-0.996,4.000,9.000,212.200
10.1021/acs.chemmater.7b00035,Fe1Fe2O4,sodium citrate,0.167,0.000,2.391,1.000,50.800,-5.253,7.000,0.500,128.300
10.1021/acs.chemmater.7b00035,Fe1Fe2O4,sodium citrate,0.167,0.000,2.391,1.000,50.800,-5.253,7.000,7.000,244.200
10.1021/acs.chemmater.7b00035,Mn0.09Fe0.91Fe2O4,sodium citrate,0.168,0.000,2.405,1.006,60.100,-5.253,7.000,0.500,206.900
10.1021/acs.chemmater.7b00035,Mn0.09Fe0.91Fe2O4,sodium citrate,0.168,0.000,2.405,1.006,60.100,-5.253,7.000,7.000,397.100
10.1021/acs.chemmater.7b00035,Mn0.19Fe0.81Fe2O4,sodium citrate,0.165,0.000,2.419,1.014,67.700,-5.253,7.000,0.500,269.300
10.1021/acs.chemmater.7b00035,Mn0.19Fe0.81Fe2O4,sodium citrate,0.165,0.000,2.419,1.014,67.700,-5.253,7.000,7.000,512.500
10.1021/acs.chemmater.7b00035,Mn0.31Fe0.69Fe2O4,sodium citrate,0.167,0.000,2.437,1.022,73.300,-5.253,7.000,0.500,375.900
10.1021/acs.chemmater.7b00035,Mn0.31Fe0.69Fe2O4,sodium citrate,0.167,0.000,2.437,1.022,73.300,-5.253,7.000,7.000,715.600
10.1021/acs.chemmater.7b00035,Mn0.39Fe0.61Fe2O4,sodium citrate,0.162,0.000,2.448,1.028,83.900,-5.253,7.000,0.500,459.500
10.1021/acs.chemmater.7b00035,Mn0.39Fe0.61Fe2O4,sodium citrate,0.162,0.000,2.448,1.028,83.900,-5.253,7.000,7.000,855.300
10.1021/acs.chemmater.7b00035,Mn0.43Fe0.57Fe2O4,sodium citrate,0.167,0.000,2.454,1.031,89.500,-5.253,7.000,0.500,506.600
10.1021/acs.chemmater.7b00035,Mn0.43Fe0.57Fe2O4,sodium citrate,0.167,0.000,2.454,1.031,89.500,-5.253,7.000,7.000,904.400
10.1021/acs.chemmater.7b00035,Mn0.47Fe0.53Fe2O4,sodium citrate,0.168,0.000,2.460,1.034,75.600,-5.253,7.000,0.500,396.700
10.1021/acs.chemmater.7b00035,Mn0.47Fe0.53Fe2O4,sodium citrate,0.168,0.000,2.460,1.034,75.600,-5.253,7.000,7.000,748.400
10.1021/acs.chemmater.7b00035,Mn0.53Fe0.47Fe2O4,sodium citrate,0.168,0.000,2.469,1.038,69.900,-5.253,7.000,0.500,312.100
10.1021/acs.chemmater.7b00035,Mn0.53Fe0.47Fe2O4,sodium citrate,0.168,0.000,2.469,1.038,69.900,-5.253,7.000,7.000,591.300
10.1021/acs.chemmater.7b00035,Mn0.61Fe0.39Fe2O4,sodium citrate,0.168,0.000,2.480,1.044,60.900,-5.253,7.000,0.500,244.400
10.1021/acs.chemmater.7b00035,Mn0.61Fe0.39Fe2O4,sodium citrate,0.168,0.000,2.480,1.044,60.900,-5.253,7.000,7.000,460.000
10.1021/acs.chemmater.7b00035,Mn0.79Fe0.21Fe2O4,sodium citrate,0.162,0.000,2.507,1.056,44.000,-5.253,7.000,0.500,154.400
10.1021/acs.chemmater.7b00035,Mn0.79Fe0.21Fe2O4,sodium citrate,0.162,0.000,2.507,1.056,44.000,-5.253,7.000,7.000,289.500
10.1021/acs.chemmater.7b00035,Mn0.92Fe0.08Fe2O4,sodium citrate,0.162,0.000,2.525,1.066,35.200,-5.253,7.000,0.500,117.300
10.1021/acs.chemmater.7b00035,Mn0.92Fe0.08Fe2O4,sodium citrate,0.162,0.000,2.525,1.066,35.200,-5.253,7.000,7.000,236.400
10.1021/acs.chemmater.7b00035,Mn1.06Fe1.94O4,sodium citrate,0.162,0.000,2.537,1.071,21.100,-5.253,7.000,0.500,77.700
10.1021/acs.chemmater.7b00035,Mn1.06Fe1.94O4,sodium citrate,0.162,0.000,2.537,1.071,21.100,-5.253,7.000,7.000,139.100
https://doi.org/10.1021/acs.chemmater.9b04848,Fe1Fe2O4,dodecylamine-modified poly(isobutylene-alt-maleic anhydride) polymer,0.341,0.000,2.391,1.000,75.000,1.208,3.000,3.000,58.000
https://doi.org/10.1021/acs.chemmater.9b04848,Mn0.48Fe0.52Fe2O4,dodecylamine-modified poly(isobutylene-alt-maleic anhydride) polymer,0.341,0.000,2.461,1.034,76.000,1.208,3.000,3.000,21.000
https://doi.org/10.1021/acs.chemmater.9b04848,Mn0.69Fe0.31Fe2O4,dodecylamine-modified poly(isobutylene-alt-maleic anhydride) polymer,0.357,0.000,2.492,1.049,78.000,1.208,3.000,3.000,47.000
https://doi.org/10.1021/acs.chemmater.9b04848,Mn0.95Fe0.05Fe2O4,dodecylamine-modified poly(isobutylene-alt-maleic anhydride) polymer,0.341,0.000,2.530,1.068,68.000,1.208,3.000,3.000,72.000
https://doi.org/10.1021/acs.chemmater.9b04848,Co0.12Fe0.88Fe2O4,dodecylamine-modified poly(isobutylene-alt-maleic anhydride) polymer,0.361,0.000,2.374,1.000,75.000,1.208,3.000,3.000,114.000
https://doi.org/10.1021/acs.chemmater.9b04848,Co0.55Fe0.45Fe2O4,dodecylamine-modified poly(isobutylene-alt-maleic anhydride) polymer,0.366,0.000,2.311,1.000,77.000,1.208,3.000,3.000,63.000
https://doi.org/10.1021/acs.chemmater.9b04848,Co0.79Fe0.21Fe2O4,dodecylamine-modified poly(isobutylene-alt-maleic anhydride) polymer,0.400,0.000,2.276,1.000,84.000,1.208,3.000,3.000,62.000
https://doi.org/10.1021/acs.chemmater.9b04848,Co1.07Fe1.93O4,dodecylamine-modified poly(isobutylene-alt-maleic anhydride) polymer,0.411,0.000,2.225,0.995,73.000,1.208,3.000,3.000,62.000
https://doi.org/10.1021/acs.chemmater.9b04848,Co0.28Mn0.27Fe0.45Fe2O4,dodecylamine-modified poly(isobutylene-alt-maleic anhydride) polymer,0.379,0.000,2.390,1.019,85.000,1.208,3.000,3.000,74.000
https://doi.org/10.1021/acs.chemmater.9b04848,Zn0.63Fe0.37Fe2O4,dodecylamine-modified poly(isobutylene-alt-maleic anhydride) polymer,0.366,0.000,1.950,0.820,78.000,1.208,3.000,3.000,70.000
https://doi.org/10.1021/acs.chemmater.9b04848,Co0.29Mn0.93Fe1.78O4,dodecylamine-modified poly(isobutylene-alt-maleic anhydride) polymer,0.316,0.000,2.453,1.051,75.000,1.208,3.000,3.000,94.000
https://doi.org/10.1021/acs.chemmater.9b04848,Zn0.12Mn0.26Fe0.62Fe2O4,dodecylamine-modified poly(isobutylene-alt-maleic anhydride) polymer,0.353,0.000,2.345,0.984,93.000,1.208,3.000,3.000,65.000
https://doi.org/10.1021/acs.chemmater.9b04848,Zn0.15Mn0.55Fe0.3Fe2O4,dodecylamine-modified poly(isobutylene-alt-maleic anhydride) polymer,0.353,0.000,2.367,0.996,82.000,1.208,3.000,3.000,51.000
https://doi.org/10.1021/acs.chemmater.9b04848,Zn0.17Co0.57Fe0.26Fe2O4,dodecylamine-modified poly(isobutylene-alt-maleic anhydride) polymer,0.379,0.000,2.189,0.951,87.000,1.208,3.000,3.000,62.000
https://doi.org/10.1021/acs.chemmater.9b04848,Zn0.32Co0.26Fe0.42Fe2O4,dodecylamine-modified poly(isobutylene-alt-maleic anhydride) polymer,0.366,0.000,2.130,0.909,109.000,1.208,3.000,3.000,88.000
https://doi.org/10.1021/acs.chemmater.9b04848,Zn0.12Co0.57Mn0.21Fe0.1Fe2O4,dodecylamine-modified poly(isobutylene-alt-maleic anhydride) polymer,0.422,0.000,2.255,0.981,83.000,1.208,3.000,3.000,104.000
https://doi.org/10.1021/acs.chemmater.9b04848,Zn0.25Co0.29Mn0.21Fe0.25Fe2O4,dodecylamine-modified poly(isobutylene-alt-maleic anhydride) polymer,0.349,0.000,2.205,0.944,98.000,1.208,3.000,3.000,109.000
https://doi.org/10.1021/acs.chemmater.9b04848,Zn0.23Co0.56Mn0.08Fe0.13Fe2O4,dodecylamine-modified poly(isobutylene-alt-maleic anhydride) polymer,0.370,0.000,2.160,0.940,90.000,1.208,3.000,3.000,60.000
https://doi.org/10.1021/acs.chemmater.9b04848,Zn0.14Co0.5Mn0.27Fe0.09Fe2O4,dodecylamine-modified poly(isobutylene-alt-maleic anhydride) polymer,0.349,0.000,2.260,0.979,99.000,1.208,3.000,3.000,82.000
https://doi.org/10.1021/acs.chemmater.9b04848,Zn0.21Co0.34Mn0.24Fe0.21Fe2O4,dodecylamine-modified poly(isobutylene-alt-maleic anhydride) polymer,0.349,0.000,2.230,0.957,72.000,1.208,3.000,3.000,98.000
https://doi.org/10.1021/acs.chemmater.9b04848,Zn0.21Co0.34Mn0.24Fe0.21Fe2O4,dodecylamine-modified poly(isobutylene-alt-maleic anhydride) polymer,0.349,0.000,2.230,0.957,72.000,1.208,3.000,3.000,98.000
10.1039/C6RA14265F,Zn0.5Mn0.5Fe2O4,Fe1Fe2O4,0.244,0.000,2.114,0.893,53.130,0.000,0.000,1.500,386.610
10.1039/C6RA14265F,Zn0.5Mn0.5Fe2O4,,0.375,0.000,2.114,0.893,42.370,0.000,0.000,1.500,262.620
10.1039/C6RA14265F,Zn0.5Mn0.5Fe2O4,Fe1Fe2O4,0.300,0.000,2.114,0.893,49.210,0.000,0.000,1.500,323.050
10.1039/C6RA14265F,Zn0.5Mn0.5Fe2O4,Fe1Fe2O4,0.261,0.000,2.114,0.893,43.650,0.000,0.000,1.500,194.910
10.1039/C6RA14265F,Zn0.5Mn0.5Fe2O4,Fe1Fe2O4,0.192,0.000,2.114,0.893,50.690,0.000,0.000,1.500,242.550
https://doi.org/10.3390/nano10050907,Co1Fe2O4,Mn1Fe2O4,0.268,0.000,2.246,1.000,64.200,0.000,0.000,9.400,67.600
https://doi.org/10.1021/acsami.9b20496,Fe1Fe2O4,PMA-dodecylamine,0.146,0.000,2.391,1.000,110.600,3.866,1.000,9.400,205.000
https://doi.org/10.1021/acsami.9b20496,Co0.17Fe0.83Fe2O4,PMA-dodecylamine,0.148,0.000,2.367,1.000,130.200,3.866,1.000,9.400,35.900
https://doi.org/10.1021/acsami.9b20496,Co0.33Fe0.67Fe2O4,PMA-dodecylamine,0.147,0.000,2.343,1.000,81.300,3.866,1.000,9.400,128.100
https://doi.org/10.1021/acsami.9b20496,Co0.71Fe0.29Fe2O4,PMA-dodecylamine,0.145,0.000,2.288,1.000,91.500,3.866,1.000,9.400,391.000
https://doi.org/10.1021/acsami.9b20496,Co0.78Fe0.22Fe2O4,PMA-dodecylamine,0.131,0.000,2.278,1.000,61.200,3.866,1.000,9.400,255.000
https://doi.org/10.1021/acsami.9b20496,Zn0.21Fe0.79Fe2O4,PMA-dodecylamine,0.153,0.000,2.244,0.940,131.800,3.866,1.000,9.400,102.000
https://doi.org/10.1021/acsami.9b20496,Zn0.3Fe0.7Fe2O4,PMA-dodecylamine,0.147,0.000,2.181,0.914,120.200,3.866,1.000,9.400,200.000
https://doi.org/10.1021/acsami.9b20496,Zn0.38Fe0.62Fe2O4,PMA-dodecylamine,0.140,0.000,2.125,0.891,117.900,3.866,1.000,9.400,145.000
https://doi.org/10.1021/acsami.9b20496,Zn0.43Fe0.57Fe2O4,PMA-dodecylamine,0.149,0.000,2.090,0.877,130.800,3.866,1.000,9.400,234.000
https://doi.org/10.1021/acsami.9b20496,Fe1Fe2O4,PMA-dodecylamine,0.180,0.000,2.391,1.000,101.900,3.866,1.000,9.400,74.100
https://doi.org/10.1021/acsami.9b20496,Co0.27Fe0.73Fe2O4,PMA-dodecylamine,0.239,0.000,2.352,1.000,100.900,3.866,1.000,9.400,76.900
https://doi.org/10.1021/acsami.9b20496,Co0.72Fe0.28Fe2O4,PMA-dodecylamine,0.199,0.000,2.287,1.000,92.200,3.866,1.000,9.400,134.000
https://doi.org/10.1021/acsami.9b20496,Zn0.28Fe0.72Fe2O4,PMA-dodecylamine,0.180,0.000,2.195,0.920,132.100,3.866,1.000,9.400,95.500
https://doi.org/10.1186/s12951-020-0580-1,Fe1Fe2O4,,0.517,0.000,2.391,1.000,52.800,0.000,0.000,3.000,127.400
https://doi.org/10.1186/s12951-020-0580-1,Fe1Fe2O4,,1.199,0.000,2.391,1.000,28.500,0.000,0.000,3.000,80.000
https://doi.org/10.1186/s12951-020-0580-1,Fe1Fe2O4,,0.179,0.000,2.391,1.000,61.100,0.000,0.000,3.000,263.200
https://doi.org/10.1186/s12951-020-0580-1,Fe1Fe2O4,,0.389,0.000,2.391,1.000,27.200,0.000,0.000,3.000,191.600
https://doi.org/10.1186/s12951-020-0580-1,Fe1Fe2O4,,0.283,0.000,2.391,1.000,73.800,0.000,0.000,3.000,377.900
https://doi.org/10.1186/s12951-020-0580-1,Fe1Fe2O4,,0.229,0.000,2.391,1.000,83.200,0.000,0.000,3.000,430.500
https://doi.org/10.1186/s12951-020-0580-1,Fe1Fe2O4,,0.192,0.000,2.391,1.000,62.200,0.000,0.000,3.000,392.600
https://doi.org/10.1186/s12951-020-0580-1,Fe1Fe2O4,,0.174,0.000,2.391,1.000,70.400,0.000,0.000,3.000,350.500
https://doi.org/10.1021/acs.chemmater.9b01582,Fe1Fe2O4,,0.428,0.000,2.391,1.000,56.000,0.000,0.000,1.500,108.000
https://doi.org/10.1021/acs.chemmater.9b01582,Zn0.1Fe0.9Fe2O4,,0.428,0.000,2.321,0.971,62.500,0.000,0.000,1.500,112.000
https://doi.org/10.1021/acs.chemmater.9b01582,Zn0.2Fe0.8Fe2O4,,0.428,0.000,2.251,0.943,66.800,0.000,0.000,1.500,172.000
https://doi.org/10.1021/acs.chemmater.9b01582,Zn0.3Fe0.7Fe2O4,,0.428,0.000,2.181,0.914,48.400,0.000,0.000,1.500,98.000
https://doi.org/10.1021/acs.chemmater.9b01582,Zn0.4Fe0.6Fe2O4,,0.428,0.000,2.111,0.886,44.900,0.000,0.000,1.500,51.000
https://doi.org/10.1021/acs.chemmater.9b01582,Zn0.2Fe0.8Fe2O4,,0.749,0.000,2.251,0.943,38.700,0.000,0.000,1.500,126.000
https://doi.org/10.1021/acs.chemmater.9b01582,Zn0.2Fe0.8Fe2O4,,0.300,0.000,2.251,0.943,123.800,0.000,0.000,1.500,311.000
DOI	https://doi.org/10.1039/C8DT04685A,Fe1Fe2O4,oleate acid,0.291,0.000,2.391,1.000,73.000,6.109,1.000,1.400,157.000
DOI	https://doi.org/10.1039/C8DT04685A,Fe1Fe2O4,oleate acid,0.291,0.000,2.391,1.000,73.000,6.109,1.000,3.000,166.000
https://doi.org/10.1155/2018/3743164,Fe1Fe2O4,DSPE-PEG2000,0.214,0.000,2.391,1.000,78.000,11.609,8.000,1.500,262.000
https://doi.org/10.1155/2018/3743164,Fe1Fe2O4,DSPE-PEG2000,0.167,0.000,2.391,1.000,88.000,11.609,8.000,1.500,398.000
https://doi.org/10.1155/2018/3743164,Fe1Fe2O4,DSPE-PEG2000,0.136,0.000,2.391,1.000,92.000,11.609,8.000,1.500,549.000
https://doi.org/10.1155/2018/3743164,Fe1Fe2O4,DSPE-PEG2000,0.115,0.000,2.391,1.000,97.000,11.609,8.000,1.500,615.000
https://doi.org/10.3390/nano7080225,Fe1Fe2O4,,0.375,0.000,2.391,1.000,65.500,0.000,0.000,3.000,645.100
https://doi.org/10.3390/nano7080225,Fe1Fe2O4,,0.204,0.000,2.391,1.000,74.000,0.000,0.000,3.000,964.800
https://doi.org/10.3390/nano7080225,Fe1Fe2O4,,0.192,0.000,2.391,1.000,77.200,0.000,0.000,3.000,987.100
https://doi.org/10.3390/nano7080225,Fe1Fe2O4,,0.316,0.000,2.391,1.000,71.100,0.000,0.000,3.000,814.200
https://doi.org/10.3390/nano7080225,Fe1Fe2O4,,0.345,0.000,2.391,1.000,69.800,0.000,0.000,3.000,971.600
https://doi.org/10.3390/nano7080225,Fe1Fe2O4,,0.139,0.000,2.391,1.000,72.000,0.000,0.000,3.000,1189.000
https://doi.org/10.1039/C6RA00347H,Fe1Fe2O4,PAA,0.666,0.000,2.391,1.000,42.630,0.257,1.000,1.410,25.360
https://doi.org/10.1002/anie.200805149,Mn1Fe2O4,,0.200,0.000,2.537,1.071,125.000,0.000,0.000,4.500,422.000
https://doi.org/10.1002/anie.200805149,Zn0.1Mn0.9Fe2O4,,0.200,0.000,2.453,1.036,140.000,0.000,0.000,4.500,516.000
https://doi.org/10.1002/anie.200805149,Zn0.2Mn0.8Fe2O4,,0.200,0.000,2.368,1.000,154.000,0.000,0.000,4.500,637.000
https://doi.org/10.1002/anie.200805149,Zn0.3Mn0.7Fe2O4,,0.200,0.000,2.283,0.964,166.000,0.000,0.000,4.500,754.000
https://doi.org/10.1002/anie.200805149,Zn0.4Mn0.6Fe2O4,,0.200,0.000,2.199,0.929,175.000,0.000,0.000,4.500,860.000
https://doi.org/10.1002/anie.200805149,Zn0.8Mn0.2Fe2O4,,0.200,0.000,1.861,0.786,137.000,0.000,0.000,4.500,388.000
https://doi.org/10.1002/anie.200805149,Fe1Fe2O4,,0.200,0.000,2.391,1.000,114.000,0.000,0.000,4.500,276.000
https://doi.org/10.1002/anie.200805149,Zn0.1Fe0.9Fe2O4,,0.200,0.000,2.321,0.971,126.000,0.000,0.000,4.500,397.000
https://doi.org/10.1002/anie.200805149,Zn0.2Fe0.8Fe2O4,,0.200,0.000,2.251,0.943,140.000,0.000,0.000,4.500,466.000
https://doi.org/10.1002/anie.200805149,Zn0.3Fe0.7Fe2O4,,0.200,0.000,2.181,0.914,152.000,0.000,0.000,4.500,568.000
https://doi.org/10.1002/anie.200805149,Zn0.4Fe0.6Fe2O4,,0.200,0.000,2.111,0.886,161.000,0.000,0.000,4.500,687.000
https://doi.org/10.1002/anie.200805149,Zn0.8Fe0.2Fe2O4,,0.200,0.000,1.831,0.771,115.000,0.000,0.000,4.500,307.000
https://doi.org/10.1039/C5RA20474G,Mn1Fe2O4,Fe1Fe2O4,0.240,0.000,2.537,1.071,69.340,0.000,0.000,1.500,184.100
https://doi.org/10.1155/2013/462540,Co1Fe2O4,,0.413,0.000,2.246,1.000,28.420,0.000,0.000,0.470,16.600
https://doi.org/10.1016/0730-725X(88)90088-4,Co1Fe2O4,,0.413,0.000,2.246,1.000,28.420,0.000,0.000,1.400,12.400
https://doi.org/10.1155/2013/462540,Co1Fe2O4,,0.352,0.000,2.246,1.000,30.930,0.000,0.000,0.470,39.800
https://doi.org/10.1155/2013/462540,Co1Fe2O4,,0.352,0.000,2.246,1.000,30.930,0.000,0.000,1.400,34.800
https://doi.org/10.1155/2013/462540,Co1Fe2O4,,0.324,0.000,2.246,1.000,38.950,0.000,0.000,0.470,55.400
https://doi.org/10.1155/2013/462540,Co1Fe2O4,,0.324,0.000,2.246,1.000,38.950,0.000,0.000,1.400,49.500
https://doi.org/10.1155/2013/462540,Co1Fe2O4,,0.289,0.000,2.246,1.000,41.090,0.000,0.000,0.470,69.900
https://doi.org/10.1155/2013/462540,Co1Fe2O4,,0.289,0.000,2.246,1.000,41.090,0.000,0.000,1.400,52.000
https://doi.org/10.1155/2013/462540,Co1Fe2O4,,0.272,0.000,2.246,1.000,45.500,0.000,0.000,0.470,75.100
https://doi.org/10.1155/2013/462540,Co1Fe2O4,,0.272,0.000,2.246,1.000,45.500,0.000,0.000,1.400,51.000
https://doi.org/10.1039/C3RA43985B,Fe1Fe2O4,,0.500,0.000,2.391,1.000,59.600,0.000,0.000,1.500,40.700
https://doi.org/10.1039/C3RA43985B,Fe1Fe2O4,,0.500,0.000,2.391,1.000,59.600,0.000,0.000,3.000,36.100
https://doi.org/10.1039/C3RA43985B,Mn0.13Fe0.87Fe2O4,,0.500,0.000,2.410,1.009,64.000,0.000,0.000,1.500,53.900
https://doi.org/10.1039/C3RA43985B,Mn0.13Fe0.87Fe2O4,,0.500,0.000,2.410,1.009,64.000,0.000,0.000,3.000,49.700
https://doi.org/10.1039/C3RA43985B,Mn0.25Fe0.75Fe2O4,,0.500,0.000,2.428,1.018,72.000,0.000,0.000,1.500,59.100
https://doi.org/10.1039/C3RA43985B,Mn0.25Fe0.75Fe2O4,,0.500,0.000,2.428,1.018,72.000,0.000,0.000,3.000,52.400
https://doi.org/10.1039/C3RA43985B,Mn0.34Fe0.66Fe2O4,,0.500,0.000,2.441,1.024,75.000,0.000,0.000,1.500,67.200
https://doi.org/10.1039/C3RA43985B,Mn0.34Fe0.66Fe2O4,,0.500,0.000,2.441,1.024,75.000,0.000,0.000,3.000,66.800
https://doi.org/10.1021/nn507193f,Gd0.28Fe0.86Fe1.72O4,Sodium citrate,1.556,1.000,2.423,1.020,21.900,-5.253,7.000,9.400,167.600
https://doi.org/10.1021/nn507193f,Gd0.54Fe0.73Fe1.46O4,Sodium citrate,1.556,1.000,2.453,1.040,48.933,-5.253,7.000,7.000,231.300
https://doi.org/10.1021/acsomega.8b03004,Fe1Fe2O4,Citric acid,0.714,0.000,2.391,1.000,82.300,-1.248,4.000,1.500,22.900
https://doi.org/10.1021/acsomega.8b03004,Cu0.02Fe0.98Fe2O4,Citric acid,0.937,0.000,2.382,0.996,76.600,-1.248,4.000,1.500,32.100
https://doi.org/10.1021/acsomega.8b03004,Cu0.04Fe0.96Fe2O4,Citric acid,0.186,0.000,2.373,0.991,56.200,-1.248,4.000,1.500,32.800
https://doi.org/10.1021/acsomega.8b03004,Cu0.28Fe0.72Fe2O4,Citric acid,0.187,0.000,2.265,0.940,43.800,-1.248,4.000,1.500,20.100
https://doi.org/10.1002/jmri.21194,Fe1Fe2O4,DSPE,0.205,0.000,2.391,1.000,43.167,12.057,8.000,0.470,147.000
https://doi.org/10.1016/j.biomaterials.2012.11.054,Fe1Fe2O4,PEG,0.273,0.000,2.391,1.000,67.000,-1.029,2.000,3.000,162.000
https://doi.org/10.1016/j.biomaterials.2012.11.054,Fe1Fe2O4,Mn1O1,0.125,1.000,2.391,1.000,51.500,0.000,0.000,3.000,78.900
https://doi.org/10.1021/acsnano.7b02675,Fe1Fe2O4,Gd2O3,0.029,0.000,2.391,1.000,20.900,-0.045,9.000,9.400,386.500
https://doi.org/10.1021/acs.nanolett.0c04574,Zn0.1Fe0.9Fe2O4,DHCA,0.810,0.000,2.321,0.971,33.000,1.115,3.000,3.000,34.180
https://doi.org/10.1021/acs.nanolett.0c04574,Zn0.2Fe0.8Fe2O4,DHCA,0.731,0.000,2.251,0.943,37.770,1.115,3.000,3.000,51.550
https://doi.org/10.1021/acs.nanolett.0c04574,Zn0.3Fe0.7Fe2O4,DHCA,0.789,0.000,2.181,0.914,44.290,1.115,3.000,3.000,69.300
https://doi.org/10.1021/acs.nanolett.0c04574,Zn0.4Fe0.6Fe2O4,DHCA,0.731,0.000,2.111,0.886,51.130,1.115,3.000,3.000,77.320
https://doi.org/10.1021/acs.nanolett.0c04574,Zn0.5Fe0.5Fe2O4,DHCA,0.856,0.000,2.041,0.857,50.430,1.115,3.000,3.000,77.260
https://doi.org/10.1021/acs.nanolett.0c04574,Zn0.6Fe0.4Fe2O4,DHCA,0.882,0.000,1.971,0.829,48.620,1.115,3.000,3.000,72.370
https://doi.org/10.1021/acs.nanolett.0c04574,Zn0.7Fe0.3Fe2O4,DHCA,0.769,0.000,1.901,0.800,39.800,1.115,3.000,3.000,55.740
https://doi.org/10.1021/acs.nanolett.0c04574,Zn0.8Fe0.2Fe2O4,DHCA,0.810,0.000,1.831,0.771,30.800,1.115,3.000,3.000,33.920
https://doi.org/10.1021/acs.nanolett.0c04574,Fe2O3,Fe1Fe2O3,0.810,0.000,2.368,1.000,21.000,0.000,0.000,3.000,22.600
https://doi.org/10.1021/acs.nanolett.0c04574,Fe2O3,Mn0.26Fe0.74Fe2O4,0.810,0.000,2.368,1.000,19.000,0.000,0.000,3.000,22.600
https://doi.org/10.1021/acs.nanolett.0c04574,Fe2O3,Mn0.28Fe0.72Fe2O4,0.856,0.000,2.368,1.000,18.000,0.000,0.000,3.000,24.500
https://doi.org/10.1021/acs.nanolett.0c04574,Fe2O3,Mn0.31Fe0.69Fe2O4,0.856,0.000,2.368,1.000,22.000,0.000,0.000,3.000,23.600
https://doi.org/10.1021/acs.nanolett.0c04574,Fe2O3,Mn0.35Fe0.65Fe2O4,0.769,0.000,2.368,1.000,20.000,0.000,0.000,3.000,24.700
https://doi.org/10.1021/acs.nanolett.0c04574,Fe2O3,Mn0.42Fe0.58Fe2O4,0.810,0.000,2.368,1.000,24.000,0.000,0.000,3.000,24.700
https://doi.org/10.1021/acs.nanolett.0c04574,Fe2O3,Mn0.43Fe0.57Fe2O4,0.810,0.000,2.368,1.000,21.000,0.000,0.000,3.000,24.500
https://doi.org/10.1021/acs.nanolett.0c04574,Zn0.2Fe0.8Fe2O4,Zn0.2Mn0.05Fe0.75Fe2O4,0.789,0.000,2.251,0.943,42.000,0.000,0.000,3.000,55.920
https://doi.org/10.1021/acs.nanolett.0c04574,Zn0.2Fe0.8Fe2O4,Zn0.2Mn0.2Fe0.6Fe2O4,0.789,0.000,2.251,0.943,34.000,0.000,0.000,3.000,53.020
https://doi.org/10.1021/acs.nanolett.0c04574,Zn0.3Fe0.7Fe2O4,Zn0.3Mn0.05Fe0.65Fe2O4,0.789,0.000,2.181,0.914,37.333,0.000,0.000,3.000,67.840
https://doi.org/10.1021/acs.nanolett.0c04574,Zn0.3Fe0.7Fe2O4,Zn0.3Mn0.1Fe0.6Fe2O4,0.789,0.000,2.181,0.914,50.667,0.000,0.000,3.000,62.400
https://doi.org/10.1021/acs.nanolett.0c04574,Zn0.3Fe0.7Fe2O4,Zn0.3Mn0.2Fe0.5Fe2O4,0.789,0.000,2.181,0.914,50.000,0.000,0.000,3.000,62.950
https://doi.org/10.1021/acs.nanolett.0c04574,Zn0.4Fe0.6Fe2O4,Zn0.4Mn0.05Fe0.55Fe2O4,0.789,0.000,2.111,0.886,50.000,0.000,0.000,3.000,79.510
https://doi.org/10.1021/acs.nanolett.0c04574,Zn0.4Fe0.6Fe2O4,Zn0.4Mn0.08Fe0.52Fe2O4,0.789,0.000,2.111,0.886,50.000,0.000,0.000,3.000,75.720
https://doi.org/10.1021/acs.nanolett.0c04574,Zn0.4Fe0.6Fe2O4,Zn0.4Mn0.1Fe0.5Fe2O4,0.789,0.000,2.111,0.886,50.000,0.000,0.000,3.000,73.420
https://doi.org/10.1021/acs.nanolett.0c04574,Zn0.4Fe0.6Fe2O4,Zn0.4Mn0.2Fe0.4Fe2O4,0.789,0.000,2.111,0.886,50.000,0.000,0.000,3.000,77.310
https://doi.org/10.1021/acs.nanolett.0c04574,Zn0.5Fe0.5Fe2O4,Zn0.5Mn0.1Fe0.4Fe2O4,0.789,0.000,2.041,0.857,50.000,0.000,0.000,3.000,77.840
https://doi.org/10.1021/acs.nanolett.0c04574,Zn0.5Fe0.5Fe2O4,Zn0.5Mn0.2Fe0.3Fe2O4,0.789,0.000,2.041,0.857,50.000,0.000,0.000,3.000,77.970
https://doi.org/10.1021/acs.nanolett.0c04574,Zn0.6Fe0.4Fe2O4,Zn0.6Mn0.05Fe0.35Fe2O4,0.789,0.000,1.971,0.829,50.000,0.000,0.000,3.000,78.380
https://doi.org/10.1021/acs.nanolett.0c04574,Zn0.6Fe0.4Fe2O4,Zn0.6Mn0.1Fe0.3Fe2O4,0.789,0.000,1.971,0.829,37.333,0.000,0.000,3.000,69.670
https://doi.org/10.1021/acs.nanolett.0c04574,Zn0.6Fe0.4Fe2O4,Zn0.6Mn0.2Fe0.2Fe2O4,0.789,0.000,1.971,0.829,50.000,0.000,0.000,3.000,71.100
https://doi.org/10.1021/acs.nanolett.0c04574,Zn0.7Fe0.3Fe2O4,Zn0.7Mn0.05Fe0.25Fe2O4,0.789,0.000,1.901,0.800,64.000,0.000,0.000,3.000,61.520
https://doi.org/10.1021/acs.nanolett.0c04574,Zn0.7Fe0.3Fe2O4,Zn0.7Mn0.1Fe0.2Fe2O4,0.789,0.000,1.901,0.800,39.333,0.000,0.000,3.000,51.200
https://doi.org/10.1021/acs.nanolett.0c04574,Zn0.7Fe0.3Fe2O4,Zn0.7Mn0.2Fe0.1Fe2O4,0.789,0.000,1.901,0.800,40.000,0.000,0.000,3.000,53.010
https://doi.org/10.1021/acs.nanolett.0c04574,Zn0.8Fe0.2Fe2O4,Zn0.8Mn0.2Fe2O4,0.789,0.000,1.831,0.771,30.000,0.000,0.000,3.000,33.350
https://doi.org/10.1021/acs.nanolett.0c04574,Zn0.3Fe0.7Fe2O4,Zn0.3Gd0.2Fe0.5Fe2O4,0.789,0.000,2.181,0.914,37.333,0.000,0.000,3.000,69.560
https://doi.org/10.1021/acs.nanolett.0c04574,Zn0.8Fe0.2Fe2O4,Zn0.8Gd0.2Fe2O4,0.789,0.000,1.831,0.771,50.000,0.000,0.000,3.000,37.130
https://doi.org/10.1021/ja104503g,Mn1Fe2O4,Si1O2,0.088,0.000,2.537,1.071,51.000,0.000,0.000,4.700,318.000
https://doi.org/10.1021/ja104503g,Mn1Fe2O4,Si1O2,0.060,0.000,2.537,1.071,85.000,0.000,0.000,4.700,274.000
https://doi.org/10.1021/ja104503g,Mn1Fe2O4,Si1O2,0.052,0.000,2.537,1.071,49.067,0.000,0.000,4.700,213.000
https://doi.org/10.1002/adma.201203169,Gd0.14Fe0.93Fe1.86O4,HDA-G2,0.214,0.000,2.407,1.010,26.500,5.426,1.000,0.500,146.500
https://doi.org/10.1002/adma.201203169,Fe1Fe2O4,HDA-G2,0.214,0.000,2.391,1.000,64.000,5.426,1.000,0.500,125.400
.10.1016.e.2015.02.019,Fe1Fe2O4,DMSA,0.107,0.000,2.391,1.000,58.000,-0.248,4.000,3.000,79.600
https://doi.org/10.1021/ja3016582,Fe1Fe2O4,TaOx,0.375,0.000,2.391,1.000,4.300,-1.029,2.000,3.000,81.160
https://doi.org/10.1021/acsami.7b05389,Fe1Fe2O4,Si1O2,0.125,0.000,2.391,1.000,57.343,0.000,0.000,0.470,271.087
https://doi.org/10.1021/acsami.7b05389,Fe1Fe2O4,Si1O2,0.125,0.000,2.391,1.000,57.343,0.000,0.000,0.470,271.087
https://doi.org/10.1021/acsami.7b05389,Fe1Fe2O4,Si1O2,0.125,0.000,2.391,1.000,57.343,0.000,0.000,0.470,271.087
https://doi.org/10.1016/j.biomaterials.2016.05.054,Fe1Fe2O4,Mn3O4,0.225,0.000,2.391,1.000,48.000,0.000,0.000,1.500,92.200
doi:10.7150/thno.14280,Fe1Fe2O4,PEG,0.566,0.000,2.391,1.000,46.000,-1.029,2.000,3.000,17.990
doi:10.7150/thno.14280,Fe1Fe2O4,RGD,0.566,0.000,2.391,1.000,49.000,-1.826,11.000,3.000,21.670
https://doi.org/10.1002/adma.201101877,Fe1Fe2O4,PEG,0.200,0.000,2.391,1.000,60.000,-1.029,2.000,9.400,116.000
https://doi.org/10.1021/nn101643u,Fe1Fe2O4,PVP,0.128,0.000,2.391,1.000,73.067,0.000,0.000,7.000,203.860
https://doi.org/10.1016/j.biomaterials.2012.11.054,Fe1Fe2O4,Mn1O1,0.300,0.000,2.391,1.000,42.667,0.000,0.000,3.000,35.800
https://doi.org/10.1016/j.bioactmat.2021.09.028,Fe1Fe2O4,,0.319,0.000,2.391,1.000,56.000,0.000,0.000,1.333,46.510
https://doi.org/10.1016/j.bioactmat.2021.09.028,Fe1Fe2O4,Oleic acid,0.138,0.000,2.391,1.000,30.000,6.109,1.000,1.167,150.100
https://doi.org/10.1016/j.bioactmat.2021.09.028,Fe1Fe2O4,Oleic acid,1.000,0.000,2.391,1.000,30.000,3.370,6.000,4.133,65.930
https://doi.org/10.1038/nm1467,Mn1Fe2O4,,0.250,0.000,2.537,1.071,110.000,0.000,0.000,1.500,358.000
https://doi.org/10.1038/nm1467,Mn1Fe2O4,,0.333,0.000,2.537,1.071,88.000,0.000,0.000,1.500,265.000
https://doi.org/10.1038/nm1467,Mn1Fe2O4,,0.500,0.000,2.537,1.071,62.000,0.000,0.000,1.500,208.000
https://doi.org/10.1038/nm1467,Fe1Fe2O4,,0.250,0.000,2.391,1.000,101.000,0.000,0.000,1.500,218.000
https://doi.org/10.1038/nm1467,Co1Fe2O4,,0.250,0.000,2.246,1.000,99.000,0.000,0.000,1.500,172.000
https://doi.org/10.1038/nm1467,Ni1Fe2O4,,0.250,0.000,2.096,0.929,85.000,0.000,0.000,1.500,152.000
DOI: 10.1002/anie.200805149,Mn1Fe2O4,,0.200,0.000,2.537,1.071,125.000,0.000,0.000,4.500,422.000
DOI: 10.1002/anie.200805149,Zn0.2Mn0.8Fe2O4,,0.200,0.000,2.368,1.000,154.000,0.000,0.000,4.500,637.000
DOI: 10.1002/anie.200805149,Zn0.3Mn0.7Fe2O4,,0.200,0.000,2.283,0.964,166.000,0.000,0.000,4.500,754.000
DOI: 10.1002/anie.200805149,Zn0.4Mn0.6Fe2O4,,0.200,0.000,2.199,0.929,175.000,0.000,0.000,4.500,860.000
DOI: 10.1002/anie.200805149,Zn0.1Fe0.9Fe2O4,,0.200,0.000,2.321,0.971,126.000,0.000,0.000,4.500,397.000
https://doi.org/10.1021/ja203340u,Fe1Fe2O4,,1.363,0.000,2.391,1.000,29.000,0.000,0.000,3.000,17.500
https://doi.org/10.1021/ja203340u,Fe1Fe2O4,,0.999,0.000,2.391,1.000,36.000,0.000,0.000,3.000,29.200
https://doi.org/10.1021/ja203340u,Fe1Fe2O4,,0.250,0.000,2.391,1.000,48.000,0.000,0.000,3.000,58.800
DOI: 10.1038/ncomms3266,Fe1Fe2O4,,0.150,0.000,2.391,1.000,51.000,0.000,0.000,7.000,209.030
DOI: 10.1038/ncomms3266,Fe1Fe2O4,,0.100,0.000,2.391,1.000,71.000,0.000,0.000,7.000,679.250
DOI: 10.1038/ncomms3266,Fe1Fe2O4,,0.187,0.000,2.391,1.000,67.000,0.000,0.000,7.000,125.860
DOI: 10.1038/ncomms3266,Fe1Fe2O4,,0.300,0.000,2.391,1.000,55.000,0.000,0.000,7.000,59.910
DOI: 10.1038/ncomms3266,Fe1Fe2O4,,0.120,0.000,2.391,1.000,62.000,0.000,0.000,7.000,190.810
https://doi.org/10.1021/acsnano.8b01048,Mn0.43Fe0.57Fe2O4,Sodium citrate,0.200,0.000,2.454,1.031,73.200,-5.253,7.000,0.500,201.400
https://doi.org/10.1021/acsnano.8b01048,Mn0.43Fe0.57Fe2O4,Sodium citrate,0.200,0.000,2.454,1.031,73.200,-5.253,7.000,1.500,301.500
https://doi.org/10.1021/acsnano.8b01048,Mn0.43Fe0.57Fe2O4,Sodium citrate,0.200,0.000,2.454,1.031,73.200,-5.253,7.000,7.000,367.300
https://doi.org/10.1021/acsnano.8b01048,Mn0.43Fe0.57Fe2O4,Sodium citrate,0.500,0.000,2.454,1.031,75.700,-5.253,7.000,0.500,306.500
https://doi.org/10.1021/acsnano.8b01048,Mn0.43Fe0.57Fe2O4,Sodium citrate,0.500,0.000,2.454,1.031,75.700,-5.253,7.000,1.500,427.500
https://doi.org/10.1021/acsnano.8b01048,Mn0.43Fe0.57Fe2O4,Sodium citrate,0.500,0.000,2.454,1.031,75.700,-5.253,7.000,7.000,559.300
https://doi.org/10.1021/acsnano.8b01048,Mn0.43Fe0.57Fe2O4,Sodium citrate,0.733,1.000,2.454,1.031,76.400,-5.253,7.000,0.500,318.800
https://doi.org/10.1021/acsnano.8b01048,Mn0.43Fe0.57Fe2O4,Sodium citrate,0.733,1.000,2.454,1.031,76.400,-5.253,7.000,1.500,465.100
https://doi.org/10.1021/acsnano.8b01048,Mn0.43Fe0.57Fe2O4,Sodium citrate,0.733,1.000,2.454,1.031,76.400,-5.253,7.000,7.000,585.000
https://doi.org/10.1021/acsnano.8b01048,Mn0.43Fe0.57Fe2O4,Sodium citrate,0.588,1.000,2.454,1.031,77.500,-5.253,7.000,0.500,366.300
https://doi.org/10.1021/acsnano.8b01048,Mn0.43Fe0.57Fe2O4,Sodium citrate,0.588,1.000,2.454,1.031,77.500,-5.253,7.000,1.500,508.900
https://doi.org/10.1021/acsnano.8b01048,Mn0.43Fe0.57Fe2O4,Sodium citrate,0.588,1.000,2.454,1.031,77.500,-5.253,7.000,7.000,660.400
https://doi.org/10.1021/acsnano.8b01048,Mn0.43Fe0.57Fe2O4,Sodium citrate,0.444,1.000,2.454,1.031,78.900,-5.253,7.000,0.500,573.500
https://doi.org/10.1021/acsnano.8b01048,Mn0.43Fe0.57Fe2O4,Sodium citrate,0.444,1.000,2.454,1.031,78.900,-5.253,7.000,1.500,772.600
https://doi.org/10.1021/acsnano.8b01048,Mn0.43Fe0.57Fe2O4,Sodium citrate,0.444,1.000,2.454,1.031,78.900,-5.253,7.000,7.000,955.600
https://doi.org/10.1021/acsnano.8b01048,Mn0.43Fe0.57Fe2O4,Sodium citrate,0.100,1.000,2.454,1.031,81.100,-5.253,7.000,0.500,109.600
https://doi.org/10.1021/acsnano.8b01048,Mn0.43Fe0.57Fe2O4,Sodium citrate,0.100,1.000,2.454,1.031,81.100,-5.253,7.000,1.500,152.200
https://doi.org/10.1021/acsnano.8b01048,Mn0.43Fe0.57Fe2O4,Sodium citrate,0.100,1.000,2.454,1.031,81.100,-5.253,7.000,7.000,215.800
https://doi.org/10.1021/nl3010308,Fe1Fe2O4,PEG-phospolipid,0.273,0.000,2.391,1.000,108.000,0.000,0.000,3.000,761.000
https://doi.org/10.1021/nl3010308,Fe1Fe2O4,PEG-phospolipid,0.214,0.000,2.391,1.000,52.667,0.000,0.000,3.000,740.000
https://doi.org/10.1021/nl3010308,Fe1Fe2O4,PEG-phospolipid,0.188,0.000,2.391,1.000,108.000,0.000,0.000,3.000,532.000
https://doi.org/10.1021/nl3010308,Fe1Fe2O4,PEG-phospolipid,0.143,0.000,2.391,1.000,120.000,0.000,0.000,3.000,343.000
https://doi.org/10.1002/adma.200401904,Fe1Fe2O4,PCL5k-b-PEG5k,0.375,0.000,2.391,1.000,53.333,1.104,2.000,1.500,318.000
https://doi.org/10.1021/ja905793q,Fe1Fe2O4,MSN,0.043,0.000,2.391,1.000,50.500,0.000,0.000,1.500,76.200
https://doi.org/10.1021/acs.chemmater.6b01256,Fe1Fe2O4,,0.176,0.000,2.391,1.000,49.700,0.000,0.000,7.000,185.200
https://doi.org/10.1021/acs.chemmater.6b01256,Fe1Fe2O4,,0.273,0.000,2.391,1.000,53.000,0.000,0.000,7.000,393.700
https://doi.org/10.1021/acs.chemmater.6b01256,Fe1Fe2O4,,0.094,0.000,2.391,1.000,62.000,0.000,0.000,7.000,621.200
https://doi.org/10.1021/acs.chemmater.6b01256,Mn0.08Fe0.92Fe2O4,,0.176,0.000,2.403,1.006,57.300,0.000,0.000,7.000,385.300
https://doi.org/10.1021/acs.chemmater.6b01256,Mn0.08Fe0.92Fe2O4,,0.261,0.000,2.403,1.006,63.000,0.000,0.000,7.000,557.200
https://doi.org/10.1021/acs.chemmater.6b01256,Mn0.08Fe0.92Fe2O4,,0.094,0.000,2.403,1.006,71.000,0.000,0.000,7.000,693.500
https://doi.org/10.1021/acs.chemmater.6b01256,Zn0.11Fe0.89Fe2O4,,0.273,0.000,2.314,0.969,78.000,0.000,0.000,7.000,677.500
https://doi.org/10.1021/acs.chemmater.6b01256,Zn0.11Fe0.89Fe2O4,,0.094,0.000,2.314,0.969,73.000,0.000,0.000,7.000,754.200
https://doi.org/10.1021/acs.chemmater.8b04760,Fe1Fe2O4,Sodium citrate,0.075,1.000,2.391,1.000,70.500,-5.253,7.000,1.500,551.000
https://doi.org/10.1021/acs.chemmater.8b04760,Zn0.21Fe0.79Fe2O4,Sodium citrate,0.075,1.000,2.244,0.940,74.700,-5.253,7.000,1.500,756.400
https://doi.org/10.1021/acs.chemmater.8b04760,Zn0.21Fe0.79Fe2O4,Sodium citrate,0.075,1.000,2.244,0.940,74.700,-5.253,7.000,7.000,834.500
https://doi.org/10.1021/acs.chemmater.8b04760,Zn0.44Fe0.56Fe2O4,Sodium citrate,0.075,1.000,2.083,0.874,88.900,-5.253,7.000,0.500,647.400
https://doi.org/10.1021/acs.chemmater.8b04760,Zn0.44Fe0.56Fe2O4,Sodium citrate,0.075,1.000,2.083,0.874,88.900,-5.253,7.000,1.500,803.500
https://doi.org/10.1021/acs.chemmater.8b04760,Zn0.76Fe0.24Fe2O4,Sodium citrate,0.075,1.000,1.859,0.783,69.300,-5.253,7.000,1.500,534.800
https://doi.org/10.1021/acs.chemmater.8b04760,Zn0.76Fe0.24Fe2O4,Sodium citrate,0.075,1.000,1.859,0.783,69.300,-5.253,7.000,7.000,621.900
https://doi.org/10.1038/ncomms15468,Fe1Fe2O4,PEG-PMMA,0.576,0.000,2.391,1.000,43.180,0.736,2.000,7.000,70.200
https://doi.org/10.1038/ncomms15468,Fe1Fe2O4,PEG-PMMA,0.199,0.000,2.391,1.000,65.100,0.736,2.000,7.000,127.400
https://doi.org/10.1038/ncomms15468,Fe1Fe2O4,,0.026,0.000,2.391,1.000,40.280,0.000,0.000,7.000,231.600
https://doi.org/10.1038/ncomms15468,Fe1Fe2O4,,0.023,0.000,2.391,1.000,60.370,0.000,0.000,7.000,358.300
https://doi.org/10.1038/ncomms15468,Fe1Fe2O4,,0.023,0.000,2.391,1.000,53.690,0.000,0.000,7.000,533.400
https://doi.org/10.1038/ncomms15468,Fe1Fe2O4,,0.021,0.000,2.391,1.000,54.730,0.000,0.000,7.000,515.300
https://doi.org/10.1038/ncomms15468,Fe1Fe2O4,,0.013,0.000,2.391,1.000,50.220,0.000,0.000,7.000,445.800
https://doi.org/10.1038/ncomms15468,Fe1Fe2O4,,0.470,1.000,2.391,1.000,57.600,0.000,0.000,7.000,204.500
https://doi.org/10.1038/ncomms15468,Fe1Fe2O4,,0.033,0.000,2.391,1.000,51.380,0.000,0.000,7.000,487.700
https://doi.org/10.1002/adma.201304744,Fe1Fe2O4,DP-PEG,0.833,0.000,2.391,1.000,13.000,-3.340,7.000,3.000,24.600
https://doi.org/10.1002/adma.201304744,Fe1Fe2O4,CC-PEG,0.833,0.000,2.391,1.000,16.300,1.098,2.000,3.000,44.800
https://doi.org/10.1002/adma.201304744,Fe1Fe2O4,DP-PEG,0.275,0.000,2.391,1.000,19.800,-3.340,7.000,3.000,79.100
https://doi.org/10.1002/adma.201304744,Fe1Fe2O4,HX-PEG,0.275,0.000,2.391,1.000,29.400,-0.488,2.000,3.000,92.100
https://doi.org/10.1002%2Fcmmi.1473,Fe1Fe2O4,Si1O2,0.214,0.000,2.391,1.000,10.000,0.000,0.000,3.000,68.000
https://doi.org/10.1021/nl102623x,Fe1Fe2O4,DSPE-mPEG1000,0.600,0.000,2.391,1.000,61.640,12.057,8.000,0.470,130.000
https://doi.org/10.1021/nl102623x,Fe1Fe2O4,DSPE-mPEG550,0.600,0.000,2.391,1.000,65.833,12.057,8.000,0.470,291.000
https://doi.org/10.1021/nl102623x,Fe1Fe2O4,DSPE-mPEG5000,0.600,0.000,2.391,1.000,33.933,12.057,8.000,0.470,36.000
https://doi.org/10.1021/nl102623x,Fe1Fe2O4,DSPE-mPEG750,0.214,0.000,2.391,1.000,53.333,12.057,8.000,0.470,334.000
https://doi.org/10.1021/nl102623x,Fe1Fe2O4,DSPE-mPEG5000,0.214,0.000,2.391,1.000,43.167,12.057,8.000,0.470,149.000
https://doi.org/10.1021/acsnano.7b04924,Fe1Fe2O4,,1.153,0.000,2.391,1.000,7.833,0.000,0.000,7.000,25.600
https://doi.org/10.1021/acsnano.7b04924,Fe1Fe2O4,,0.908,0.000,2.391,1.000,6.000,0.000,0.000,7.000,22.500
https://doi.org/10.1021/acsnano.7b04924,Fe1Fe2O4,,0.833,0.000,2.391,1.000,9.500,0.000,0.000,7.000,24.400
https://doi.org/10.1021/acsnano.7b04924,Fe1Fe2O4,,0.833,0.000,2.391,1.000,9.500,0.000,0.000,1.500,22.700
https://doi.org/10.1021/acsnano.7b04924,Fe1Fe2O4,,0.833,0.000,2.391,1.000,9.500,0.000,0.000,0.500,23.500
https://doi.org/10.1021/acsnano.7b04924,Fe1Fe2O4,,0.714,0.000,2.391,1.000,13.000,0.000,0.000,7.000,37.500
https://doi.org/10.1021/acs.chemmater.8b03564,Fe2O3,,0.273,0.000,2.368,1.000,59.820,0.000,0.000,0.500,66.300
https://doi.org/10.1021/acs.chemmater.8b03564,Fe2O3,,0.273,0.000,2.368,1.000,59.820,0.000,0.000,1.500,79.100
https://doi.org/10.1021/acs.chemmater.8b03564,Fe2O3,,0.176,0.000,2.368,1.000,60.390,0.000,0.000,0.500,119.500
https://doi.org/10.1021/acs.chemmater.8b03564,Fe2O3,,0.176,0.000,2.368,1.000,60.390,0.000,0.000,1.500,162.700
https://doi.org/10.1021/acs.chemmater.8b03564,Fe2O3,,0.115,0.000,2.368,1.000,44.200,0.000,0.000,0.500,185.200
https://doi.org/10.1021/acs.chemmater.8b03564,Fe2O3,,0.115,0.000,2.368,1.000,44.200,0.000,0.000,1.500,213.250
https://doi.org/10.1021/nn5038652,Fe1Fe2O4,DMSA,0.852,1.000,2.391,1.000,34.500,-0.248,4.000,0.500,78.630
https://doi.org/10.1021/nn5038652,Fe1Fe2O4,DMSA,0.555,1.000,2.391,1.000,57.600,-0.248,4.000,0.500,182.200
https://doi.org/10.1021/nn5038652,Fe1Fe2O4,DMSA,0.555,1.000,2.391,1.000,57.600,-0.248,4.000,7.000,234.800
https://doi.org/10.1021/nn5038652,Fe1Fe2O4,DMSA,0.365,1.000,2.391,1.000,74.100,-0.248,4.000,0.500,311.880
https://doi.org/10.1021/nn5038652,Fe1Fe2O4,DMSA,0.365,1.000,2.391,1.000,74.100,-0.248,4.000,7.000,532.150
https://doi.org/10.1021/nn5038652,Fe1Fe2O4,Si1O2,0.365,1.000,2.391,1.000,51.000,0.000,0.000,0.500,232.160
https://doi.org/10.1021/nn5038652,Fe1Fe2O4,Si1O2,0.555,1.000,2.391,1.000,55.463,0.000,0.000,0.500,118.730
https://doi.org/10.1021/nn5038652,Fe1Fe2O4,Si1O2,0.852,1.000,2.391,1.000,72.000,0.000,0.000,0.500,59.380
https://doi.org/10.1021/nn5038652,Fe1Fe2O4,stPEI,0.555,1.000,2.391,1.000,53.333,0.000,0.000,0.500,338.900
https://doi.org/10.1021/nn5038652,Fe1Fe2O4,DMSA,0.187,0.000,2.391,1.000,66.000,-0.248,4.000,0.500,118.830
https://doi.org/10.1021/nn5038652,Fe1Fe2O4,DMSA,0.143,0.000,2.391,1.000,49.000,-0.248,4.000,0.500,232.160
https://doi.org/10.1021/nn5038652,Fe1Fe2O4,DMSA,0.115,0.000,2.391,1.000,39.000,-0.248,4.000,0.500,167.890
https://doi.org/10.1021/nn5038652,Fe1Fe2O4,DMSA,0.300,0.000,2.391,1.000,53.000,-0.248,4.000,0.500,59.380
https://doi.org/10.1039/C7TB02954C,Mn0.5Fe0.5Fe2O4,Sodium citrate,0.366,0.000,2.464,1.036,70.000,-5.253,7.000,0.500,306.300
https://doi.org/10.1039/C7TB02954C,Mn0.5Fe0.5Fe2O4,Sodium citrate,0.366,0.000,2.464,1.036,70.000,-5.253,7.000,1.500,383.000
https://doi.org/10.1039/C7TB02954C,Mn0.5Fe0.5Fe2O4,Sodium citrate,0.158,1.000,2.464,1.036,70.000,-5.253,7.000,0.500,354.000
https://doi.org/10.1039/C7TB02954C,Mn0.5Fe0.5Fe2O4,Sodium citrate,0.158,1.000,2.464,1.036,70.000,-5.253,7.000,1.500,386.200
https://doi.org/10.1039/C7TB02954C,Mn0.5Fe0.5Fe2O4,Sodium citrate,1.196,1.000,2.464,1.036,42.000,-5.253,7.000,0.500,152.300
https://doi.org/10.1039/C7TB02954C,Mn0.5Fe0.5Fe2O4,Sodium citrate,1.196,1.000,2.464,1.036,42.000,-5.253,7.000,1.500,201.600
https://doi.org/10.1039/C7TB02954C,Fe1Fe2O4,Sodium citrate,0.347,0.000,2.391,1.000,54.000,-5.253,7.000,0.500,234.700
https://doi.org/10.1039/C7TB02954C,Fe1Fe2O4,Sodium citrate,0.347,0.000,2.391,1.000,54.000,-5.253,7.000,1.500,204.000
https://doi.org/10.1039/C7TB02954C,Fe1Fe2O4,Sodium citrate,0.158,1.000,2.391,1.000,51.000,-5.253,7.000,0.500,155.500
https://doi.org/10.1039/C7TB02954C,Fe1Fe2O4,Sodium citrate,0.158,1.000,2.391,1.000,51.000,-5.253,7.000,1.500,242.200
https://doi.org/10.1039/C7TB02954C,Fe1Fe2O4,Sodium citrate,1.136,1.000,2.391,1.000,32.000,-5.253,7.000,0.500,82.900
https://doi.org/10.1039/C7TB02954C,Fe1Fe2O4,Sodium citrate,1.136,1.000,2.391,1.000,32.000,-5.253,7.000,1.500,141.900
https://doi.org/10.1039/C7TB02954C,Mn0.23Fe0.77Fe2O4,Sodium citrate,0.366,0.000,2.425,1.016,74.867,-5.253,7.000,0.500,395.433
https://doi.org/10.1039/C7TB02954C,Mn0.16Fe0.84Fe2O4,Sodium citrate,1.196,1.000,2.415,1.011,38.667,-5.253,7.000,0.500,145.600
https://doi.org/10.1039/C7TB02954C,Fe1Fe2O4,Mn0.5Fe0.5Fe2O4,0.181,0.000,2.391,1.000,52.000,0.000,0.000,0.500,217.387
https://doi.org/10.1039/C7TB02954C,Fe1Fe2O4,,0.205,0.000,2.391,1.000,47.000,0.000,0.000,0.500,72.903
https://doi.org/10.1039/C7TB02954C,Mn0.5Fe0.5Fe2O4,,0.136,0.000,2.464,1.036,59.000,0.000,0.000,0.500,61.067
https://doi.org/10.1021/jz201664h,Na1Dy1F4,PMAO-PEG,0.555,0.000,2.060,0.500,73.000,6.670,3.000,9.400,32.000
https://doi.org/10.1021/jz201664h,Na1Dy1F4,PMAO-PEG,0.306,0.000,2.060,0.500,51.333,6.670,3.000,9.400,51.000
https://doi.org/10.1021/jz201664h,Na1Dy1F4,PMAO-PEG,0.148,0.000,2.060,0.500,34.067,6.670,3.000,3.000,15.800
https://doi.org/10.1016/j.biomaterials.2015.10.063,Na1Ho1F4,PEG,0.937,0.000,2.038,0.417,65.000,-1.029,2.000,1.500,7.580
https://doi.org/10.1016/j.biomaterials.2015.10.063,Na1Ho1F4,PEG,0.937,0.000,2.038,0.417,65.000,-1.029,2.000,3.000,24.040
https://doi.org/10.1016/j.biomaterials.2015.10.063,Na1Ho1F4,PEG,0.937,0.000,2.038,0.417,65.000,-1.029,2.000,7.000,83.350
https://doi.org/10.1016/j.biomaterials.2015.10.063,Na1Ho1F4,PEG,0.405,0.000,2.038,0.417,80.000,-1.029,2.000,3.000,10.550
https://doi.org/10.1016/j.biomaterials.2015.10.063,Na1Ho1F4,PEG,0.405,0.000,2.038,0.417,80.000,-1.029,2.000,7.000,45.360
https://doi.org/10.1016/j.biomaterials.2015.10.063,Na1Ho1F4,PEG,0.227,0.000,2.038,0.417,83.000,-1.029,2.000,1.500,11.730
https://doi.org/10.1016/j.biomaterials.2015.10.063,Na1Ho1F4,PEG,0.227,0.000,2.038,0.417,83.000,-1.029,2.000,3.000,36.010
https://doi.org/10.1016/j.biomaterials.2015.10.063,Na1Ho1F4,PEG,0.227,0.000,2.038,0.417,83.000,-1.029,2.000,7.000,131.650
https://doi.org/10.1016/j.biomaterials.2015.10.063,Na1Ho1F4,PEG,0.189,1.000,2.038,0.417,90.000,-1.029,2.000,1.500,18.630
https://doi.org/10.1016/j.biomaterials.2015.10.063,Na1Ho1F4,PEG,0.189,1.000,2.038,0.417,90.000,-1.029,2.000,3.000,59.350
https://doi.org/10.1016/j.biomaterials.2015.10.063,Na1Ho1F4,PEG,0.189,1.000,2.038,0.417,90.000,-1.029,2.000,7.000,222.640
https://doi.org/10.1021/acs.chemmater.6b00264,Na1Ho1F4,DSPE-mPEG2000,0.283,0.000,2.038,0.417,39.800,12.057,8.000,9.400,31.900
https://doi.org/10.1021/acs.chemmater.6b00264,Na1Ho1F4,DSPE-mPEG2000,0.213,0.000,2.038,0.417,65.923,12.057,8.000,9.400,51.500
https://doi.org/10.1021/acs.chemmater.6b00264,Na1Ho1F4,DSPE-mPEG2000,0.183,0.000,2.038,0.417,50.393,12.057,8.000,9.400,70.400
https://doi.org/10.1021/acs.chemmater.6b00264,Na1Ho1F4,PMAO-PEG,0.294,0.000,2.038,0.417,33.600,6.670,3.000,9.400,15.000
https://doi.org/10.1021/acs.chemmater.6b00264,Na1Ho1F4,PMAO-PEG,0.207,0.000,2.038,0.417,45.167,6.670,3.000,9.400,61.000
https://doi.org/10.1021/acs.chemmater.6b00264,Na1Ho1F4,PMAO-PEG,0.183,0.000,2.038,0.417,63.700,6.670,3.000,9.400,130.600
https://doi.org/10.1021/acs.chemmater.6b00264,Na1Dy1F4,PMAO-PEG,0.233,1.000,2.060,0.500,54.193,6.670,3.000,9.400,75.000
https://doi.org/10.1021/acs.chemmater.6b00264,Na1Dy1F4,PMAO-PEG,0.216,1.000,2.060,0.500,53.600,6.670,3.000,9.400,65.200
https://doi.org/10.1021/acs.chemmater.6b00264,Na1Dy1F4,PMAO-PEG,0.185,1.000,2.060,0.500,81.000,6.670,3.000,9.400,91.400
https://doi.org/10.1021/acs.chemmater.6b00264,Na1Dy1F4,PMAO-PEG,0.137,1.000,2.060,0.500,54.400,6.670,3.000,9.400,204.400
https://doi.org/10.1039/C5NR00055F,Fe1Fe2O4,PEI,0.567,1.000,2.391,1.000,50.000,-1.096,2.000,3.000,312.000
https://doi.org/10.1039/C5NR00055F,Fe1Fe2O4,PEI,0.383,1.000,2.391,1.000,54.000,-1.096,2.000,3.000,381.000
https://doi.org/10.1039/C5NR00055F,Fe1Fe2O4,PEI,0.290,1.000,2.391,1.000,58.000,-1.096,2.000,3.000,427.000
https://doi.org/10.1039/C5NR00055F,Fe1Fe2O4,PEI,0.233,1.000,2.391,1.000,63.000,-1.096,2.000,3.000,545.000
https://doi.org/10.1039/C5NR00055F,Fe1Fe2O4,PEI,0.195,1.000,2.391,1.000,66.000,-1.096,2.000,3.000,608.000
https://doi.org/10.1039/C5NR00055F,Fe1Fe2O4,PEI,0.749,0.000,2.391,1.000,56.000,-1.096,2.000,3.000,141.000
https://doi.org/10.1039/C5NR00055F,Fe1Fe2O4,PEI,0.500,0.000,2.391,1.000,63.000,-1.096,2.000,3.000,185.000
https://doi.org/10.1039/C5NR00055F,Fe1Fe2O4,PEI,0.375,0.000,2.391,1.000,70.000,-1.096,2.000,3.000,218.000
https://doi.org/10.1039/C5NR00055F,Fe1Fe2O4,PEI,0.250,0.000,2.391,1.000,78.000,-1.096,2.000,3.000,249.000
https://doi.org/10.1039/C5NR00055F,Fe1Fe2O4,PEI,0.187,0.000,2.391,1.000,83.000,-1.096,2.000,3.000,297.000
https://doi.org/10.1021/nn5038652,Fe1Fe2O4,DMSA,0.999,0.000,2.391,1.000,6.000,-0.248,4.000,0.500,13.120
https://doi.org/10.1021/nn5038652,Fe1Fe2O4,DMSA,0.600,0.000,2.391,1.000,38.000,-0.248,4.000,0.500,39.630
https://doi.org/10.1021/nn5038652,Fe1Fe2O4,DMSA,0.333,0.000,2.391,1.000,50.000,-0.248,4.000,0.500,53.340
https://doi.org/10.1039/C7TB02954C,Mn0.5Fe0.5Fe2O4,Fe1Fe2O3,0.136,0.000,2.464,1.036,54.000,0.000,0.000,0.500,89.737
https://doi.org/10.1021/nn305991e,Gd0.15Fe0.85Fe2O4,,1.071,0.000,2.457,1.032,8.000,0.000,0.000,7.000,26.450
https://doi.org/10.1021/nn305991e,Gd0.195Fe0.81Fe2O4,,0.856,0.000,2.478,1.042,20.000,0.000,0.000,7.000,34.380
https://doi.org/10.1021/nn305991e,Gd0.21Fe0.79Fe2O4,,0.625,0.000,2.483,1.045,24.000,0.000,0.000,7.000,41.140
10.1039/c4nr02680b,Mn0.51Fe0.49Fe2O4,,0.600,0.000,2.466,1.036,39.700,0.000,0.000,0.500,45.900
10.1039/c4nr02680b,Mn0.51Fe0.49Fe2O4,,0.428,0.000,2.466,1.036,52.100,0.000,0.000,0.500,146.500
10.1039/c4nr02680b,Mn0.51Fe0.49Fe2O4,,0.333,0.000,2.466,1.036,60.300,0.000,0.000,0.500,205.500
10.1039/c4nr02680b,Mn0.51Fe0.49Fe2O4,,0.250,0.000,2.466,1.036,71.000,0.000,0.000,0.500,280.800
10.1039/c4nr02680b,Fe1Fe2O4,,0.600,0.000,2.391,1.000,23.667,0.000,0.000,0.500,23.000
https://doi.org/10.1002/adfm.201103123,Fe1Fe2O4,,0.908,0.000,2.391,1.000,15.000,0.000,0.000,4.700,35.100
10.1039/c6nr02620f,Fe1Fe2O4,Gd2O3,0.652,0.000,2.391,1.000,25.000,0.000,0.000,1.500,186.510
https://doi.org/10.1039/C5NR00055F,Fe1Fe2O4,PEI,0.567,1.000,2.391,1.000,50.000,-1.096,2.000,3.000,312.000
https://doi.org/10.1039/C5NR00055F,Fe1Fe2O4,PEI,0.383,1.000,2.391,1.000,54.000,-1.096,2.000,3.000,381.000
https://doi.org/10.1039/C5NR00055F,Fe1Fe2O4,PEI,0.290,1.000,2.391,1.000,58.000,-1.096,2.000,3.000,427.000
https://doi.org/10.1039/C5NR00055F,Fe1Fe2O4,PEI,0.233,1.000,2.391,1.000,63.000,-1.096,2.000,3.000,545.000
https://doi.org/10.1039/C5NR00055F,Fe1Fe2O4,PEI,0.195,1.000,2.391,1.000,66.000,-1.096,2.000,3.000,608.000
https://doi.org/10.1039/C5NR00055F,Fe1Fe2O4,PEI,0.749,0.000,2.391,1.000,56.000,-1.096,2.000,3.000,141.000
https://doi.org/10.1039/C5NR00055F,Fe1Fe2O4,PEI,0.500,0.000,2.391,1.000,63.000,-1.096,2.000,3.000,185.000
https://doi.org/10.1039/C5NR00055F,Fe1Fe2O4,PEI,0.375,0.000,2.391,1.000,70.000,-1.096,2.000,3.000,218.000
https://doi.org/10.1039/C5NR00055F,Fe1Fe2O4,PEI,0.250,0.000,2.391,1.000,78.000,-1.096,2.000,3.000,249.000
https://doi.org/10.1039/C5NR00055F,Fe1Fe2O4,PEI,0.187,0.000,2.391,1.000,83.000,-1.096,2.000,3.000,297.000
