DOI,Core composition,Shell composition,Concentration of particles,Area/volume,Max/min(size),Magnetic moment of core,Saturation magnetization,Coercivity,Remanence magnetization,LogP of organic coating,Number H acceptors of organic coating,Field amplitude,Field frequency,SAR
https://doi.org/10.1016/j.jallcom.2022.167241,Ni1Fe2O4,,1.000,0.084,0.000,2.096,44.420,0.000,0.000,0.000,0.000,174.700,0.276,16.000
https://doi.org/10.1016/j.jallcom.2022.167241,Ni0.5Zn0.5Fe2O4,,1.000,0.064,0.000,1.894,77.100,0.000,0.000,0.000,0.000,174.700,0.276,23.000
https://doi.org/10.1016/j.matchemphys.2022.126859,Fe1Fe2O4,Au1,10.000,0.158,0.000,2.391,66.000,0.000,0.000,0.000,0.000,168.000,0.101,4.700
https://doi.org/10.1016/j.matchemphys.2022.126859,Fe1Fe2O4,Au1,10.000,0.158,0.000,2.391,66.000,0.000,0.000,0.000,0.000,168.000,0.234,10.400
https://doi.org/10.1016/j.matchemphys.2022.126859,Fe1Fe2O4,Au1,10.000,0.158,0.000,2.391,66.000,0.000,0.000,0.000,0.000,168.000,0.359,16.000
https://doi.org/10.1016/j.matchemphys.2022.126859,Fe1Fe2O4,Au1,10.000,0.158,0.000,2.391,66.000,0.000,0.000,0.000,0.000,168.000,0.405,17.000
https://doi.org/10.1016/j.matchemphys.2022.126859,Fe1Fe2O4,Au1,10.000,0.158,0.000,2.391,66.000,0.000,0.000,0.000,0.000,80.000,0.405,1.700
https://doi.org/10.1016/j.matchemphys.2022.126859,Fe1Fe2O4,Au1,10.000,0.158,0.000,2.391,66.000,0.000,0.000,0.000,0.000,100.000,0.405,3.700
https://doi.org/10.1016/j.matchemphys.2022.126859,Fe1Fe2O4,Au1,10.000,0.158,0.000,2.391,66.000,0.000,0.000,0.000,0.000,120.000,0.405,8.400
https://doi.org/10.1016/j.matchemphys.2022.126859,Fe1Fe2O4,Au1,10.000,0.158,0.000,2.391,66.000,0.000,0.000,0.000,0.000,120.000,0.405,13.000
https://doi.org/10.1021/acsomega.0c03332,Co1Fe2O4,,1.000,0.316,0.000,2.246,81.110,0.000,0.000,0.000,0.000,440.000,0.350,249.000
https://doi.org/10.1021/acsomega.0c03332,Co1Fe2O4,,2.000,0.316,0.000,2.246,81.110,0.000,0.000,0.000,0.000,440.000,0.350,161.000
https://doi.org/10.1021/acsomega.0c03332,Co1Fe2O4,,3.000,0.316,0.000,2.246,81.110,0.000,0.000,0.000,0.000,440.000,0.350,133.000
https://doi.org/10.1021/acsomega.0c03332,Co1Fe2O4,,4.000,0.316,0.000,2.246,81.110,0.000,0.000,0.000,0.000,440.000,0.350,120.000
https://doi.org/10.1021/acsomega.0c03332,Co1Fe2O4,,5.000,0.316,0.000,2.246,81.110,0.000,0.000,0.000,0.000,440.000,0.350,118.000
https://doi.org/10.1021/acsomega.0c03332,Co1Fe2O4,oleic acid,1.000,0.288,0.000,2.246,76.900,0.000,0.000,6.109,1.000,440.000,0.350,213.000
https://doi.org/10.1021/acsomega.0c03332,Co1Fe2O4,oleic acid,2.000,0.288,0.000,2.246,76.900,0.000,0.000,6.109,1.000,440.000,0.350,140.000
https://doi.org/10.1021/acsomega.0c03332,Co1Fe2O4,oleic acid,3.000,0.288,0.000,2.246,76.900,0.000,0.000,6.109,1.000,440.000,0.350,117.000
https://doi.org/10.1021/acsomega.0c03332,Co1Fe2O4,oleic acid,4.000,0.288,0.000,2.246,76.900,0.000,0.000,6.109,1.000,440.000,0.350,105.000
https://doi.org/10.1021/acsomega.0c03332,Co1Fe2O4,oleic acid,5.000,0.288,0.000,2.246,76.900,0.000,0.000,6.109,1.000,440.000,0.350,104.000
https://doi.org/10.1016/j.materresbull.2022.112035,Fe1Fe2O4,,1.000,0.150,0.000,2.391,59.000,0.000,0.000,0.000,0.000,138.000,0.322,51.000
https://doi.org/10.1016/j.materresbull.2022.112035,Fe1Fe2O4,,2.000,0.150,0.000,2.391,59.000,0.000,0.000,0.000,0.000,138.000,0.322,47.000
https://doi.org/10.1016/j.materresbull.2022.112035,Fe1Fe2O4,,3.000,0.150,0.000,2.391,59.000,0.000,0.000,0.000,0.000,138.000,0.322,42.000
https://doi.org/10.1016/j.materresbull.2022.112035,Fe1Fe2O4,,4.000,0.150,0.000,2.391,59.000,0.000,0.000,0.000,0.000,138.000,0.322,36.000
https://doi.org/10.1016/j.materresbull.2022.112035,Fe1Fe2O4,,5.000,0.150,0.000,2.391,59.000,0.000,0.000,0.000,0.000,138.000,0.322,30.000
https://doi.org/10.1016/j.materresbull.2022.112035,Fe1Fe2O4,,1.000,0.150,0.000,2.391,59.000,0.000,0.000,0.000,0.000,188.000,0.320,66.000
https://doi.org/10.1016/j.materresbull.2022.112035,Fe1Fe2O4,,2.000,0.150,0.000,2.391,59.000,0.000,0.000,0.000,0.000,188.000,0.320,61.000
https://doi.org/10.1016/j.materresbull.2022.112035,Fe1Fe2O4,,3.000,0.150,0.000,2.391,59.000,0.000,0.000,0.000,0.000,188.000,0.320,54.000
https://doi.org/10.1016/j.materresbull.2022.112035,Fe1Fe2O4,,4.000,0.150,0.000,2.391,59.000,0.000,0.000,0.000,0.000,188.000,0.320,46.000
https://doi.org/10.1016/j.materresbull.2022.112035,Fe1Fe2O4,,5.000,0.150,0.000,2.391,59.000,0.000,0.000,0.000,0.000,188.000,0.320,40.000
https://doi.org/10.1016/j.materresbull.2022.112035,Fe1Fe2O4,,1.000,0.150,0.000,2.391,59.000,0.000,0.000,0.000,0.000,239.000,0.318,83.000
https://doi.org/10.1016/j.materresbull.2022.112035,Fe1Fe2O4,,2.000,0.150,0.000,2.391,59.000,0.000,0.000,0.000,0.000,239.000,0.318,78.000
https://doi.org/10.1016/j.materresbull.2022.112035,Fe1Fe2O4,,3.000,0.150,0.000,2.391,59.000,0.000,0.000,0.000,0.000,239.000,0.318,70.000
https://doi.org/10.1016/j.materresbull.2022.112035,Fe1Fe2O4,,4.000,0.150,0.000,2.391,59.000,0.000,0.000,0.000,0.000,239.000,0.318,59.000
https://doi.org/10.1016/j.materresbull.2022.112035,Fe1Fe2O4,,5.000,0.150,0.000,2.391,59.000,0.000,0.000,0.000,0.000,239.000,0.318,50.000
https://doi.org/10.1016/j.materresbull.2022.112035,Fe1Fe2O4,,1.000,0.150,0.000,2.391,59.000,0.000,0.000,0.000,0.000,289.000,0.316,102.000
https://doi.org/10.1016/j.materresbull.2022.112035,Fe1Fe2O4,,2.000,0.150,0.000,2.391,59.000,0.000,0.000,0.000,0.000,289.000,0.316,94.000
https://doi.org/10.1016/j.materresbull.2022.112035,Fe1Fe2O4,,3.000,0.150,0.000,2.391,59.000,0.000,0.000,0.000,0.000,289.000,0.316,83.000
https://doi.org/10.1016/j.materresbull.2022.112035,Fe1Fe2O4,,4.000,0.150,0.000,2.391,59.000,0.000,0.000,0.000,0.000,289.000,0.316,74.000
https://doi.org/10.1016/j.materresbull.2022.112035,Fe1Fe2O4,,5.000,0.150,0.000,2.391,59.000,0.000,0.000,0.000,0.000,289.000,0.316,64.000
https://doi.org/10.1016/j.materresbull.2022.112035,Fe1Fe2O4,,1.000,0.150,0.000,2.391,59.000,0.000,0.000,0.000,0.000,339.000,0.314,122.000
https://doi.org/10.1016/j.materresbull.2022.112035,Fe1Fe2O4,,2.000,0.150,0.000,2.391,59.000,0.000,0.000,0.000,0.000,339.000,0.314,110.000
https://doi.org/10.1016/j.materresbull.2022.112035,Fe1Fe2O4,,3.000,0.150,0.000,2.391,59.000,0.000,0.000,0.000,0.000,339.000,0.314,99.000
https://doi.org/10.1016/j.materresbull.2022.112035,Fe1Fe2O4,,4.000,0.150,0.000,2.391,59.000,0.000,0.000,0.000,0.000,339.000,0.314,88.000
https://doi.org/10.1016/j.materresbull.2022.112035,Fe1Fe2O4,,5.000,0.150,0.000,2.391,59.000,0.000,0.000,0.000,0.000,339.000,0.314,77.000
https://doi.org/10.1016/j.materresbull.2022.112035,Fe1Fe2O4,,1.000,0.150,0.000,2.391,59.000,0.000,0.000,0.000,0.000,390.000,0.313,144.000
https://doi.org/10.1016/j.materresbull.2022.112035,Fe1Fe2O4,,2.000,0.150,0.000,2.391,59.000,0.000,0.000,0.000,0.000,390.000,0.313,130.000
https://doi.org/10.1016/j.materresbull.2022.112035,Fe1Fe2O4,,3.000,0.150,0.000,2.391,59.000,0.000,0.000,0.000,0.000,390.000,0.313,116.000
https://doi.org/10.1016/j.materresbull.2022.112035,Fe1Fe2O4,,4.000,0.150,0.000,2.391,59.000,0.000,0.000,0.000,0.000,390.000,0.313,103.000
https://doi.org/10.1016/j.materresbull.2022.112035,Fe1Fe2O4,,5.000,0.150,0.000,2.391,59.000,0.000,0.000,0.000,0.000,390.000,0.313,92.000
https://doi.org/10.1016/j.materresbull.2022.112035,Fe1Fe2O4,,1.000,0.150,0.000,2.391,59.000,0.000,0.000,0.000,0.000,440.000,0.312,166.000
https://doi.org/10.1016/j.materresbull.2022.112035,Fe1Fe2O4,,2.000,0.150,0.000,2.391,59.000,0.000,0.000,0.000,0.000,440.000,0.312,148.000
https://doi.org/10.1016/j.materresbull.2022.112035,Fe1Fe2O4,,3.000,0.150,0.000,2.391,59.000,0.000,0.000,0.000,0.000,440.000,0.312,133.000
https://doi.org/10.1016/j.materresbull.2022.112035,Fe1Fe2O4,,4.000,0.150,0.000,2.391,59.000,0.000,0.000,0.000,0.000,440.000,0.312,121.000
https://doi.org/10.1016/j.materresbull.2022.112035,Fe1Fe2O4,,5.000,0.150,0.000,2.391,59.000,0.000,0.000,0.000,0.000,440.000,0.312,106.000
https://doi.org/10.1007/s11051-022-05596-z,Fe1Fe2O4,,1.000,0.428,0.000,2.391,65.100,0.000,0.000,0.000,0.000,200.000,0.450,24.000
https://doi.org/10.1007/s11051-022-05596-z,Fe1Fe2O4,,10.000,0.428,0.000,2.391,65.100,0.000,0.000,0.000,0.000,200.000,0.450,39.000
https://doi.org/10.1007/s11051-022-05596-z,Fe1Fe2O4,,15.000,0.428,0.000,2.391,65.100,0.000,0.000,0.000,0.000,200.000,0.450,51.000
https://doi.org/10.1007/s11051-022-05596-z,Fe1Fe2O4,,20.000,0.428,0.000,2.391,65.100,0.000,0.000,0.000,0.000,200.000,0.450,97.000
https://doi.org/10.1007/s11051-022-05596-z,Fe1Fe2O4,,5.000,0.273,0.000,2.391,67.000,0.000,0.000,0.000,0.000,200.000,0.450,22.000
https://doi.org/10.1007/s11051-022-05596-z,Fe1Fe2O4,,10.000,0.273,0.000,2.391,67.000,0.000,0.000,0.000,0.000,200.000,0.450,30.000
https://doi.org/10.1007/s11051-022-05596-z,Fe1Fe2O4,,15.000,0.273,0.000,2.391,67.000,0.000,0.000,0.000,0.000,200.000,0.450,53.000
https://doi.org/10.1007/s11051-022-05596-z,Fe1Fe2O4,,20.000,0.273,0.000,2.391,67.000,0.000,0.000,0.000,0.000,200.000,0.450,65.000
https://doi.org/10.1007/s11051-022-05596-z,Fe1Fe2O4,,5.000,0.176,0.000,2.391,68.100,0.000,0.000,0.000,0.000,200.000,0.450,26.000
https://doi.org/10.1007/s11051-022-05596-z,Fe1Fe2O4,,10.000,0.176,0.000,2.391,68.100,0.000,0.000,0.000,0.000,200.000,0.450,44.000
https://doi.org/10.1007/s11051-022-05596-z,Fe1Fe2O4,,15.000,0.176,0.000,2.391,68.100,0.000,0.000,0.000,0.000,200.000,0.450,48.000
https://doi.org/10.1007/s11051-022-05596-z,Fe1Fe2O4,,20.000,0.176,0.000,2.391,68.100,0.000,0.000,0.000,0.000,200.000,0.450,28.000
https://doi.org/10.1016/j.ceramint.2022.07.291,Zn0.1Mn0.9Fe2O4,,3.000,0.303,0.000,2.453,46.500,0.000,0.000,0.000,0.000,416.000,0.126,132.000
https://doi.org/10.1016/j.ceramint.2022.07.291,Zn0.1Mn0.9Fe2O4,,3.000,0.303,0.000,2.453,46.500,0.000,0.000,0.000,0.000,391.000,0.126,129.000
https://doi.org/10.1016/j.ceramint.2022.07.291,Zn0.1Mn0.9Fe2O4,,3.000,0.303,0.000,2.453,46.500,0.000,0.000,0.000,0.000,358.000,0.126,125.000
https://doi.org/10.1016/j.ceramint.2022.07.291,Zn0.1Mn0.9Fe2O4,,3.000,0.303,0.000,2.453,46.500,0.000,0.000,0.000,0.000,323.000,0.126,121.000
https://doi.org/10.1016/j.ceramint.2022.07.291,Zn0.2Mn0.8Fe2O4,,3.000,0.359,0.000,2.368,51.200,0.000,0.000,0.000,0.000,416.000,0.126,70.500
https://doi.org/10.1016/j.ceramint.2022.07.291,Zn0.2Mn0.8Fe2O4,,3.000,0.359,0.000,2.368,51.200,0.000,0.000,0.000,0.000,391.000,0.126,66.800
https://doi.org/10.1016/j.ceramint.2022.07.291,Zn0.2Mn0.8Fe2O4,,3.000,0.359,0.000,2.368,51.200,0.000,0.000,0.000,0.000,358.000,0.126,65.200
https://doi.org/10.1016/j.ceramint.2022.07.291,Zn0.2Mn0.8Fe2O4,,3.000,0.359,0.000,2.368,51.200,0.000,0.000,0.000,0.000,323.000,0.126,63.600
https://doi.org/10.1016/j.ceramint.2022.07.291,Zn0.3Mn0.7Fe2O4,,3.000,0.458,0.000,2.283,52.300,0.000,0.000,0.000,0.000,416.000,0.126,24.000
https://doi.org/10.1016/j.ceramint.2022.07.291,Zn0.3Mn0.7Fe2O4,,3.000,0.458,0.000,2.283,52.300,0.000,0.000,0.000,0.000,391.000,0.126,22.900
https://doi.org/10.1016/j.ceramint.2022.07.291,Zn0.3Mn0.7Fe2O4,,3.000,0.458,0.000,2.283,52.300,0.000,0.000,0.000,0.000,358.000,0.126,22.500
https://doi.org/10.1016/j.ceramint.2022.07.291,Zn0.3Mn0.7Fe2O4,,3.000,0.458,0.000,2.283,52.300,0.000,0.000,0.000,0.000,323.000,0.126,21.500
https://doi.org/10.1016/j.ceramint.2022.07.291,Zn0.4Mn0.6Fe2O4,,3.000,0.492,0.000,2.199,52.300,0.000,0.000,0.000,0.000,416.000,0.126,17.500
https://doi.org/10.1016/j.ceramint.2022.07.291,Zn0.4Mn0.6Fe2O4,,3.000,0.492,0.000,2.199,52.300,0.000,0.000,0.000,0.000,391.000,0.126,16.300
https://doi.org/10.1016/j.ceramint.2022.07.291,Zn0.4Mn0.6Fe2O4,,3.000,0.492,0.000,2.199,52.300,0.000,0.000,0.000,0.000,358.000,0.126,16.000
https://doi.org/10.1016/j.ceramint.2022.07.291,Zn0.4Mn0.6Fe2O4,,3.000,0.492,0.000,2.199,52.300,0.000,0.000,0.000,0.000,323.000,0.126,15.500
https://doi.org/10.1016/j.ceramint.2022.07.291,Zn0.5Mn0.5Fe2O4,,3.000,0.531,0.000,2.114,56.600,0.000,0.000,0.000,0.000,416.000,0.126,9.300
https://doi.org/10.1016/j.ceramint.2022.07.291,Zn0.5Mn0.5Fe2O4,,3.000,0.531,0.000,2.114,56.600,0.000,0.000,0.000,0.000,391.000,0.126,8.300
https://doi.org/10.1016/j.ceramint.2022.07.291,Zn0.5Mn0.5Fe2O4,,3.000,0.531,0.000,2.114,56.600,0.000,0.000,0.000,0.000,358.000,0.126,7.900
https://doi.org/10.1016/j.ceramint.2022.07.291,Zn0.5Mn0.5Fe2O4,,3.000,0.531,0.000,2.114,56.600,0.000,0.000,0.000,0.000,323.000,0.126,6.900
https://doi.org/10.1016/j.ceramint.2022.07.291,Zn0.6Mn0.4Fe2O4,,3.000,0.583,0.000,2.030,46.200,0.000,0.000,0.000,0.000,416.000,0.126,6.500
https://doi.org/10.1016/j.ceramint.2022.07.291,Zn0.6Mn0.4Fe2O4,,3.000,0.583,0.000,2.030,46.200,0.000,0.000,0.000,0.000,391.000,0.126,6.400
https://doi.org/10.1016/j.ceramint.2022.07.291,Zn0.6Mn0.4Fe2O4,,3.000,0.583,0.000,2.030,46.200,0.000,0.000,0.000,0.000,358.000,0.126,6.200
https://doi.org/10.1016/j.ceramint.2022.07.291,Zn0.6Mn0.4Fe2O4,,3.000,0.583,0.000,2.030,46.200,0.000,0.000,0.000,0.000,323.000,0.126,5.800
https://doi.org/10.1016/j.ceramint.2022.07.291,Zn0.7Mn0.3Fe2O4,,3.000,0.682,0.000,1.945,40.100,0.000,0.000,0.000,0.000,416.000,0.126,3.000
https://doi.org/10.1016/j.ceramint.2022.07.291,Zn0.7Mn0.3Fe2O4,,3.000,0.682,0.000,1.945,40.100,0.000,0.000,0.000,0.000,391.000,0.126,2.800
https://doi.org/10.1016/j.ceramint.2022.07.291,Zn0.7Mn0.3Fe2O4,,3.000,0.682,0.000,1.945,40.100,0.000,0.000,0.000,0.000,358.000,0.126,2.600
https://doi.org/10.1016/j.ceramint.2022.07.291,Zn0.7Mn0.3Fe2O4,,3.000,0.682,0.000,1.945,40.100,0.000,0.000,0.000,0.000,323.000,0.126,2.200
https://doi.org/10.1016/j.ceramint.2022.07.291,Zn0.8Mn0.2Fe2O4,,3.000,0.674,0.000,1.861,27.900,0.000,0.000,0.000,0.000,416.000,0.126,1.800
https://doi.org/10.1016/j.ceramint.2022.07.291,Zn0.8Mn0.2Fe2O4,,3.000,0.674,0.000,1.861,27.900,0.000,0.000,0.000,0.000,391.000,0.126,1.400
https://doi.org/10.1016/j.ceramint.2022.07.291,Zn0.8Mn0.2Fe2O4,,3.000,0.674,0.000,1.861,27.900,0.000,0.000,0.000,0.000,358.000,0.126,1.200
https://doi.org/10.1016/j.ceramint.2022.07.291,Zn0.8Mn0.2Fe2O4,,3.000,0.674,0.000,1.861,27.900,0.000,0.000,0.000,0.000,323.000,0.126,0.900
https://doi.org/10.1016/j.ceramint.2022.07.291,Zn0.9Mn0.1Fe2O4,,3.000,0.732,0.000,1.776,19.400,0.000,0.000,0.000,0.000,416.000,0.126,1.800
https://doi.org/10.1016/j.ceramint.2022.07.291,Zn0.9Mn0.1Fe2O4,,3.000,0.732,0.000,1.776,19.400,0.000,0.000,0.000,0.000,391.000,0.126,1.500
https://doi.org/10.1016/j.ceramint.2022.07.291,Zn0.9Mn0.1Fe2O4,,3.000,0.732,0.000,1.776,19.400,0.000,0.000,0.000,0.000,358.000,0.126,1.100
https://doi.org/10.1016/j.ceramint.2022.07.291,Zn0.9Mn0.1Fe2O4,,3.000,0.732,0.000,1.776,19.400,0.000,0.000,0.000,0.000,323.000,0.126,0.600
https://doi.org/10.1016/j.jmmm.2022.169597,Fe1Fe2O4,,1.000,0.200,0.000,2.391,70.600,22.400,2.600,0.000,0.000,162.000,0.337,172.000
https://doi.org/10.1016/j.jmmm.2022.169597,Fe1Fe2O4,,2.000,0.200,0.000,2.391,70.600,22.400,2.600,0.000,0.000,162.000,0.337,124.000
https://doi.org/10.1016/j.jmmm.2022.169597,Fe1Fe2O4,,3.000,0.200,0.000,2.391,70.600,22.400,2.600,0.000,0.000,162.000,0.337,178.000
https://doi.org/10.1016/j.jmmm.2022.169597,Tb0.22Fe0.78Fe2O4,,1.000,0.176,0.000,2.542,46.300,6.490,0.460,0.000,0.000,162.000,0.337,337.500
https://doi.org/10.1016/j.jmmm.2022.169597,Tb0.22Fe0.78Fe2O4,,2.000,0.176,0.000,2.542,46.300,6.490,0.460,0.000,0.000,162.000,0.337,203.000
https://doi.org/10.1016/j.jmmm.2022.169597,Tb0.22Fe0.78Fe2O4,,3.000,0.176,0.000,2.542,46.300,6.490,0.460,0.000,0.000,162.000,0.337,196.800
https://doi.org/10.1016/j.jmmm.2022.169597,Tb0.5Fe0.5Fe2O4,,1.000,0.167,0.000,2.734,51.700,8.120,1.340,0.000,0.000,162.000,0.337,387.300
https://doi.org/10.1016/j.jmmm.2022.169597,Tb0.5Fe0.5Fe2O4,,2.000,0.167,0.000,2.734,51.700,8.120,1.340,0.000,0.000,162.000,0.337,268.000
https://doi.org/10.1016/j.jmmm.2022.169597,Tb0.5Fe0.5Fe2O4,,3.000,0.167,0.000,2.734,51.700,8.120,1.340,0.000,0.000,162.000,0.337,295.000
https://doi.org/10.1016/j.jmmm.2022.169597,Tb0.75Fe0.25Fe2O4,,1.000,0.167,0.000,2.906,96.100,10.120,1.610,0.000,0.000,162.000,0.337,649.000
https://doi.org/10.1016/j.jmmm.2022.169597,Tb0.75Fe0.25Fe2O4,,2.000,0.167,0.000,2.906,96.100,10.120,1.610,0.000,0.000,162.000,0.337,320.000
https://doi.org/10.1016/j.jmmm.2022.169597,Tb0.75Fe0.25Fe2O4,,3.000,0.167,0.000,2.906,96.100,10.120,1.610,0.000,0.000,162.000,0.337,246.000
https://doi.org/10.1016/j.ceramint.2022.06.104,Co1Fe2O4,,1.000,0.125,0.000,2.246,49.180,64.300,7.600,0.000,0.000,21.500,0.092,0.210
https://doi.org/10.1016/j.ceramint.2022.06.104,Co1Fe2O4,,1.000,0.125,0.000,2.246,49.180,64.300,7.600,0.000,0.000,27.000,0.092,0.390
https://doi.org/10.1016/j.ceramint.2022.06.104,Co1Fe2O4,,1.000,0.125,0.000,2.246,49.180,64.300,7.600,0.000,0.000,33.300,0.092,0.410
https://doi.org/10.1016/j.ceramint.2022.06.104,Co1Fe2O4,TEG,1.000,0.195,0.000,2.246,61.510,55.600,9.250,0.000,0.000,21.500,0.092,0.260
https://doi.org/10.1016/j.ceramint.2022.06.104,Co1Fe2O4,TEG,1.000,0.195,0.000,2.246,61.510,55.600,9.250,0.000,0.000,27.000,0.092,0.490
https://doi.org/10.1016/j.ceramint.2022.06.104,Co1Fe2O4,TEG,1.000,0.195,0.000,2.246,61.510,55.600,9.250,0.000,0.000,33.300,0.092,0.600
https://doi.org/10.1016/j.bioadv.2022.213021,Fe1Fe2O4,,1.000,0.071,0.000,2.391,26.800,68.000,6.700,0.000,0.000,175.000,0.335,138.800
https://doi.org/10.1016/j.bioadv.2022.213021,Fe1Fe2O4,,1.000,0.077,0.000,2.391,49.800,57.300,7.000,0.000,0.000,150.000,0.335,132.300
https://doi.org/10.1016/j.bioadv.2022.213021,Fe1Fe2O4,,1.000,0.077,0.000,2.391,49.800,57.300,7.000,0.000,0.000,175.000,0.335,211.500
https://doi.org/10.1016/j.bioadv.2022.213021,Fe1Fe2O4,,1.000,0.140,1.000,2.391,73.900,130.000,20.200,0.000,0.000,150.000,0.335,142.700
https://doi.org/10.1016/j.bioadv.2022.213021,Fe1Fe2O4,,1.000,0.140,1.000,2.391,73.900,130.000,20.200,0.000,0.000,175.000,0.335,245.300
https://doi.org/10.1016/j.bioadv.2022.213021,Fe1Fe2O4,,1.000,0.130,0.000,2.391,84.000,7.200,1.900,0.000,0.000,150.000,0.335,170.000
https://doi.org/10.1016/j.bioadv.2022.213021,Fe1Fe2O4,,1.000,0.130,0.000,2.391,84.000,7.200,1.900,0.000,0.000,175.000,0.335,248.700
https://doi.org/10.1016/j.matchemphys.2022.126295,Mg0.1Mn0.9Fe2O4,,1.000,0.231,0.000,2.453,63.980,0.000,0.000,0.000,0.000,408.000,0.316,63.670
https://doi.org/10.1016/j.matchemphys.2022.126295,Mg0.1Mn0.9Fe2O4,,3.000,0.231,0.000,2.453,63.980,0.000,0.000,0.000,0.000,408.000,0.316,51.160
https://doi.org/10.1016/j.matchemphys.2022.126295,Mg0.3Mn0.7Fe2O4,,1.000,0.214,0.000,2.283,75.960,0.000,0.000,0.000,0.000,408.000,0.316,108.370
https://doi.org/10.1016/j.matchemphys.2022.126295,Mg0.3Mn0.7Fe2O4,,3.000,0.214,0.000,2.283,75.960,0.000,0.000,0.000,0.000,408.000,0.316,102.810
https://doi.org/10.1016/j.matchemphys.2022.126295,Mg0.4Mn0.6Fe2O4,,1.000,0.250,0.000,2.199,65.880,0.000,0.000,0.000,0.000,408.000,0.316,97.580
https://doi.org/10.1016/j.matchemphys.2022.126295,Mg0.4Mn0.6Fe2O4,,3.000,0.250,0.000,2.199,65.880,0.000,0.000,0.000,0.000,408.000,0.316,75.590
https://doi.org/10.1016/j.matchemphys.2022.126295,Mg0.5Mn0.5Fe2O4,,1.000,0.273,0.000,2.114,60.080,0.000,0.000,0.000,0.000,408.000,0.316,45.080
https://doi.org/10.1016/j.matchemphys.2022.126295,Mg0.5Mn0.5Fe2O4,,3.000,0.273,0.000,2.114,60.080,0.000,0.000,0.000,0.000,408.000,0.316,50.730
https://doi.org/10.1007/s11664-022-09678-5,Fe1Fe2O4,citric acid,5.000,0.411,0.000,2.391,57.000,0.000,0.000,-1.248,4.000,1000.000,0.087,144.600
https://doi.org/10.1007/s11664-022-09678-5,Fe1Fe2O4,citric acid,5.000,0.411,0.000,2.391,57.000,0.000,0.000,-1.248,4.000,1000.000,0.256,124.200
https://doi.org/10.1007/s11664-022-09678-5,Fe1Fe2O4,citric acid,5.000,0.411,0.000,2.391,57.000,0.000,0.000,-1.248,4.000,1000.000,0.340,114.900
https://doi.org/10.1007/s11664-022-09678-5,Fe1Fe2O4,citric acid,5.000,0.422,0.000,2.391,43.000,0.000,0.000,-1.248,4.000,1000.000,0.087,158.200
https://doi.org/10.1007/s11664-022-09678-5,Fe1Fe2O4,citric acid,5.000,0.422,0.000,2.391,43.000,0.000,0.000,-1.248,4.000,1000.000,0.256,136.800
https://doi.org/10.1007/s11664-022-09678-5,Fe1Fe2O4,citric acid,5.000,0.422,0.000,2.391,43.000,0.000,0.000,-1.248,4.000,1000.000,0.340,123.600
https://doi.org/10.1007/s11664-022-09678-5,Fe1Fe2O4,citric acid,5.000,0.434,0.000,2.391,40.000,0.000,0.000,-1.248,4.000,1000.000,0.087,179.800
https://doi.org/10.1007/s11664-022-09678-5,Fe1Fe2O4,citric acid,5.000,0.434,0.000,2.391,40.000,0.000,0.000,-1.248,4.000,1000.000,0.256,151.400
https://doi.org/10.1007/s11664-022-09678-5,Fe1Fe2O4,citric acid,5.000,0.434,0.000,2.391,40.000,0.000,0.000,-1.248,4.000,1000.000,0.034,130.100
https://doi.org/10.1016/j.jmmm.2022.169282,Co1Fe2O4,folate chitosan,0.500,0.375,0.000,2.246,55.400,20.000,6.200,-0.045,9.000,300.000,0.342,132.000
https://doi.org/10.1016/j.jmmm.2022.169282,Co1Fe2O4,folate chitosan,1.000,0.375,0.000,2.246,55.400,20.000,6.200,-0.045,9.000,300.000,0.342,69.600
https://doi.org/10.1016/j.jmmm.2022.169282,Co1Fe2O4,folate chitosan,2.000,0.375,0.000,2.246,55.400,20.000,6.200,-0.045,9.000,300.000,0.342,58.600
https://doi.org/10.1016/j.jmmm.2022.169282,Co1Fe2O4,folate chitosan,4.000,0.375,0.000,2.246,55.400,20.000,6.200,-0.045,9.000,300.000,0.342,39.600
https://doi.org/10.1016/j.jmmm.2022.169282,Co1Fe2O4,folate chitosan,6.000,0.375,0.000,2.246,55.400,20.000,6.200,-0.045,9.000,300.000,0.342,26.200
https://doi.org/10.1016/j.jmmm.2019.01.081,Zn1Fe2O4,,5.000,0.154,0.000,1.691,12.200,0.000,0.000,0.000,0.000,188.000,0.355,5.600
https://doi.org/10.1016/j.jmmm.2019.01.081,Zn1Fe2O4,,5.000,0.154,0.000,1.691,12.200,0.000,0.000,0.000,0.000,250.800,0.355,7.300
https://doi.org/10.1016/j.jmmm.2019.01.081,Zn1Fe2O4,,5.000,0.154,0.000,1.691,12.200,0.000,0.000,0.000,0.000,313.500,0.355,9.200
https://doi.org/10.1016/j.jmmm.2019.01.081,Zn1Fe2O4,,5.000,0.154,0.000,1.691,12.200,0.000,0.000,0.000,0.000,376.200,0.355,11.800
https://doi.org/10.1016/j.jmmm.2019.01.081,Zn1Fe2O4,,5.000,0.154,0.000,1.691,12.200,0.000,0.000,0.000,0.000,438.900,0.355,12.700
https://doi.org/10.1016/j.jmmm.2019.01.081,Zn1Fe2O4,,5.000,0.154,0.000,1.691,12.200,0.000,0.000,0.000,0.000,501.600,0.355,16.400
https://doi.org/10.1016/j.jmmm.2019.01.081,Zn1Fe2O4,,5.000,0.154,0.000,1.691,12.200,0.000,0.000,0.000,0.000,564.300,0.355,20.000
https://doi.org/10.1016/j.jmmm.2019.01.081,Zn1Fe2O4,,5.000,0.154,0.000,1.691,12.200,0.000,0.000,0.000,0.000,627.000,0.355,25.600
https://doi.org/10.1016/j.jmmm.2019.01.081,Zn1Fe2O4,,5.000,0.154,0.000,1.691,12.200,0.000,0.000,0.000,0.000,689.700,0.355,29.400
https://doi.org/10.1016/j.jmmm.2019.01.081,Zn1Fe2O4,,5.000,0.154,0.000,1.691,12.200,0.000,0.000,0.000,0.000,752.400,0.355,38.400
https://doi.org/10.1016/j.jmmm.2019.01.081,Zn1Fe2O4,,5.000,0.154,0.000,1.691,12.200,0.000,0.000,0.000,0.000,815.100,0.355,44.000
https://doi.org/10.1016/j.jmmm.2019.01.081,Zn1Fe2O4,,5.000,0.090,0.000,1.691,11.000,0.000,0.000,0.000,0.000,62.700,0.355,1.300
https://doi.org/10.1016/j.jmmm.2019.01.081,Zn1Fe2O4,,5.000,0.090,0.000,1.691,11.000,0.000,0.000,0.000,0.000,125.400,0.355,11.000
https://doi.org/10.1016/j.jmmm.2019.01.081,Zn1Fe2O4,,5.000,0.090,0.000,1.691,11.000,0.000,0.000,0.000,0.000,188.100,0.355,18.800
https://doi.org/10.1016/j.jmmm.2019.01.081,Zn1Fe2O4,,5.000,0.090,0.000,1.691,11.000,0.000,0.000,0.000,0.000,250.800,0.355,27.800
https://doi.org/10.1016/j.jmmm.2019.01.081,Zn1Fe2O4,,5.000,0.090,0.000,1.691,11.000,0.000,0.000,0.000,0.000,313.500,0.355,43.300
https://doi.org/10.1016/j.jmmm.2019.01.081,Zn1Fe2O4,,5.000,0.090,0.000,1.691,11.000,0.000,0.000,0.000,0.000,376.200,0.355,50.200
https://doi.org/10.1016/j.jmmm.2019.01.081,Zn1Fe2O4,,5.000,0.090,0.000,1.691,11.000,0.000,0.000,0.000,0.000,438.900,0.355,56.200
https://doi.org/10.1016/j.jmmm.2019.01.081,Zn1Fe2O4,,5.000,0.090,0.000,1.691,11.000,0.000,0.000,0.000,0.000,501.600,0.355,69.700
https://doi.org/10.1016/j.jmmm.2019.01.081,Zn1Fe2O4,,5.000,0.090,0.000,1.691,11.000,0.000,0.000,0.000,0.000,564.300,0.355,84.000
https://doi.org/10.1016/j.jmmm.2019.01.081,Zn1Fe2O4,,5.000,0.090,0.000,1.691,11.000,0.000,0.000,0.000,0.000,627.000,0.355,87.800
https://doi.org/10.1016/j.jmmm.2019.01.081,Zn1Fe2O4,,5.000,0.090,0.000,1.691,11.000,0.000,0.000,0.000,0.000,689.700,0.355,104.500
https://doi.org/10.1016/j.jmmm.2019.01.081,Zn1Fe2O4,,5.000,0.090,0.000,1.691,11.000,0.000,0.000,0.000,0.000,752.400,0.355,117.500
https://doi.org/10.1016/j.jmmm.2019.01.081,Zn1Fe2O4,,5.000,0.090,0.000,1.691,11.000,0.000,0.000,0.000,0.000,815.100,0.355,122.700
https://doi.org/10.1021/acsami.8b22600,Co1Fe2O4,N-(trimethoxysilylpropyl)-ethylenediaminetriacetate,1.000,0.150,0.000,2.246,76.000,0.800,43.000,-2.850,8.000,62.700,0.195,9.800
https://doi.org/10.1021/acsami.8b22600,Co1Fe2O4,N-(trimethoxysilylpropyl)-ethylenediaminetriacetate,1.000,0.150,0.000,2.246,76.000,0.800,43.000,-2.850,8.000,313.500,0.195,31.300
https://doi.org/10.1021/acsami.8b22600,Co1Fe2O4,N-(trimethoxysilylpropyl)-ethylenediaminetriacetate,1.000,0.150,0.000,2.246,76.000,0.800,43.000,-2.850,8.000,627.000,0.195,164.300
https://doi.org/10.1021/acsami.8b22600,Co1Fe2O4,N-(trimethoxysilylpropyl)-ethylenediaminetriacetate,2.000,0.150,0.000,2.246,76.000,0.800,43.000,-2.850,8.000,62.700,0.195,42.000
https://doi.org/10.1021/acsami.8b22600,Co1Fe2O4,N-(trimethoxysilylpropyl)-ethylenediaminetriacetate,2.000,0.150,0.000,2.246,76.000,0.800,43.000,-2.850,8.000,313.500,0.195,102.700
https://doi.org/10.1021/acsami.8b22600,Co1Fe2O4,N-(trimethoxysilylpropyl)-ethylenediaminetriacetate,2.000,0.150,0.000,2.246,76.000,0.800,43.000,-2.850,8.000,627.000,0.195,311.600
https://doi.org/10.1021/acsami.8b22600,Mn1Fe2O4,N-(trimethoxysilylpropyl)-ethylenediaminetriacetate,1.000,0.150,0.000,2.537,75.000,0.250,20.000,-2.850,8.000,62.700,0.195,82.100
https://doi.org/10.1021/acsami.8b22600,Mn1Fe2O4,N-(trimethoxysilylpropyl)-ethylenediaminetriacetate,1.000,0.150,0.000,2.537,75.000,0.250,20.000,-2.850,8.000,313.500,0.195,165.200
https://doi.org/10.1021/acsami.8b22600,Mn1Fe2O4,N-(trimethoxysilylpropyl)-ethylenediaminetriacetate,1.000,0.150,0.000,2.537,75.000,0.250,20.000,-2.850,8.000,627.000,0.195,292.000
https://doi.org/10.1021/acsami.8b22600,Mn1Fe2O4,N-(trimethoxysilylpropyl)-ethylenediaminetriacetate,2.000,0.150,0.000,2.537,75.000,0.250,20.000,-2.850,8.000,62.700,0.195,76.800
https://doi.org/10.1021/acsami.8b22600,Mn1Fe2O4,N-(trimethoxysilylpropyl)-ethylenediaminetriacetate,2.000,0.150,0.000,2.537,75.000,0.250,20.000,-2.850,8.000,313.500,0.195,146.400
https://doi.org/10.1021/acsami.8b22600,Mn1Fe2O4,N-(trimethoxysilylpropyl)-ethylenediaminetriacetate,2.000,0.150,0.000,2.537,75.000,0.250,20.000,-2.850,8.000,627.000,0.195,210.700
https://doi.org/10.1021/acsami.8b22600,Ni1Fe2O4,N-(trimethoxysilylpropyl)-ethylenediaminetriacetate,1.000,0.150,0.000,2.096,68.000,0.280,25.000,-2.850,8.000,62.700,0.195,128.600
https://doi.org/10.1021/acsami.8b22600,Ni1Fe2O4,N-(trimethoxysilylpropyl)-ethylenediaminetriacetate,1.000,0.150,0.000,2.096,68.000,0.280,25.000,-2.850,8.000,313.500,0.195,167.900
https://doi.org/10.1021/acsami.8b22600,Ni1Fe2O4,N-(trimethoxysilylpropyl)-ethylenediaminetriacetate,1.000,0.150,0.000,2.096,68.000,0.280,25.000,-2.850,8.000,627.000,0.195,293.800
https://doi.org/10.1021/acsami.8b22600,Ni1Fe2O4,N-(trimethoxysilylpropyl)-ethylenediaminetriacetate,2.000,0.150,0.000,2.096,68.000,0.280,25.000,-2.850,8.000,62.700,0.195,88.400
https://doi.org/10.1021/acsami.8b22600,Ni1Fe2O4,N-(trimethoxysilylpropyl)-ethylenediaminetriacetate,2.000,0.150,0.000,2.096,68.000,0.280,25.000,-2.850,8.000,313.500,0.195,150.000
https://doi.org/10.1021/acsami.8b22600,Ni1Fe2O4,N-(trimethoxysilylpropyl)-ethylenediaminetriacetate,2.000,0.150,0.000,2.096,68.000,0.280,25.000,-2.850,8.000,627.000,0.195,188.400
https://doi.org/10.1016/j.jallcom.2019.152548,Fe1Fe2O4,triethylene glycol,15.000,0.162,0.000,2.391,58.800,7.500,0.600,-0.996,4.000,238.300,0.120,18.500
https://doi.org/10.1016/j.jallcom.2019.152548,Cu1Fe2O4,triethylene glycol,15.000,0.151,0.000,1.939,53.100,4.000,0.500,-0.996,4.000,238.300,0.120,44.900
https://doi.org/10.1016/j.jallcom.2019.152548,Cu1Fe2O4,triethylene glycol,15.000,0.151,0.000,1.939,53.100,4.000,0.500,-0.996,4.000,200.600,0.120,38.000
https://doi.org/10.1016/j.jallcom.2019.152548,Cu1Fe2O4,triethylene glycol,15.000,0.151,0.000,1.939,53.100,4.000,0.500,-0.996,4.000,163.000,0.120,24.800
https://doi.org/10.1016/j.matchemphys.2021.124546,Ni0.6Zn0.35Fe0.05Fe2O4,citric acid,12.000,0.833,0.000,1.969,30.800,7.000,0.160,-1.248,4.000,200.000,0.519,32.800
https://doi.org/10.1016/j.matchemphys.2021.124546,Ni0.6Zn0.35Fe0.05Fe2O4,citric acid,12.000,0.833,0.000,1.969,30.800,7.000,0.160,-1.248,4.000,200.000,0.746,34.800
https://doi.org/10.1016/j.matchemphys.2021.124546,Ni0.6Zn0.35Fe0.05Fe2O4,citric acid,12.000,0.681,0.000,1.969,36.300,27.000,0.770,-1.248,4.000,200.000,0.519,43.600
https://doi.org/10.1016/j.matchemphys.2021.124546,Ni0.6Zn0.35Fe0.05Fe2O4,citric acid,12.000,0.681,0.000,1.969,36.300,27.000,0.770,-1.248,4.000,200.000,0.746,123.800
https://doi.org/10.1021/acsabm.1c00040,Fe1Fe2O4,oleic acid,0.100,0.073,1.000,2.391,86.400,120.000,20.000,6.109,1.000,600.000,0.400,3955.000
https://doi.org/10.1021/acsabm.1c00040,Fe1Fe2O4,oleic acid,0.100,0.073,1.000,2.391,86.400,120.000,20.000,6.109,1.000,400.000,0.400,3499.000
https://doi.org/10.1021/acsabm.1c00040,Fe1Fe2O4,oleic acid,0.100,0.073,1.000,2.391,86.400,120.000,20.000,6.109,1.000,200.000,0.400,2470.000
https://doi.org/10.1021/acsabm.1c00040,Fe1Fe2O4,oleic acid,0.100,0.073,1.000,2.391,86.400,120.000,20.000,6.109,1.000,800.000,0.400,4214.000
https://doi.org/10.1021/acsabm.1c00040,Fe1Fe2O4,oleic acid,0.100,0.073,1.000,2.391,86.400,120.000,20.000,6.109,1.000,800.000,0.340,3225.000
https://doi.org/10.1021/acsabm.1c00040,Fe1Fe2O4,oleic acid,0.100,0.073,1.000,2.391,86.400,120.000,20.000,6.109,1.000,600.000,0.340,2485.000
https://doi.org/10.1021/acsabm.1c00040,Fe1Fe2O4,oleic acid,0.100,0.073,1.000,2.391,86.400,120.000,20.000,6.109,1.000,400.000,0.340,2273.000
https://doi.org/10.1021/acsabm.1c00040,Fe1Fe2O4,oleic acid,0.100,0.073,1.000,2.391,86.400,120.000,20.000,6.109,1.000,200.000,0.340,1464.000
https://doi.org/10.1021/acsabm.1c00040,Fe1Fe2O4,oleic acid,0.100,0.073,1.000,2.391,86.400,120.000,20.000,6.109,1.000,800.000,0.188,2240.000
https://doi.org/10.1021/acsabm.1c00040,Fe1Fe2O4,oleic acid,0.100,0.073,1.000,2.391,86.400,120.000,20.000,6.109,1.000,600.000,0.188,1930.000
https://doi.org/10.1021/acsabm.1c00040,Fe1Fe2O4,oleic acid,0.100,0.073,1.000,2.391,86.400,120.000,20.000,6.109,1.000,400.000,0.188,1220.000
https://doi.org/10.1021/acsabm.1c00040,Fe1Fe2O4,oleic acid,0.100,0.073,1.000,2.391,86.400,120.000,20.000,6.109,1.000,200.000,0.188,724.000
https://doi.org/10.1021/acsabm.1c00040,Fe1Fe2O4,oleic acid,0.100,0.057,1.000,2.391,83.200,200.000,22.000,6.109,1.000,600.000,0.400,3575.000
https://doi.org/10.1021/acsabm.1c00040,Fe1Fe2O4,oleic acid,0.100,0.057,1.000,2.391,83.200,200.000,22.000,6.109,1.000,400.000,0.400,3151.000
https://doi.org/10.1021/acsabm.1c00040,Fe1Fe2O4,oleic acid,0.100,0.045,1.000,2.391,84.700,200.000,22.000,6.109,1.000,600.000,0.400,3145.000
https://doi.org/10.1021/acsabm.1c00040,Fe1Fe2O4,oleic acid,0.100,0.045,1.000,2.391,84.700,200.000,22.000,6.109,1.000,400.000,0.400,2847.000
https://doi.org/10.1021/acsabm.1c00040,Fe1Fe2O4,oleic acid,0.100,0.040,1.000,2.391,82.400,203.000,28.000,6.109,1.000,600.000,0.400,2492.000
https://doi.org/10.1021/acsabm.1c00040,Fe1Fe2O4,oleic acid,0.100,0.040,1.000,2.391,82.400,203.000,28.000,6.109,1.000,400.000,0.400,1987.000
https://doi.org/10.1007/s10854-021-05946-y,Mn0.5Zn0.5Fe2O4,,4.000,0.187,0.000,2.114,41.120,0.880,8.150,0.000,0.000,50.000,0.280,110.900
https://doi.org/10.2217/nnm-2020-0467,Fe1Fe2O4,"meso-2,3-dimercaptosuccinic acid",2.400,0.199,0.000,2.391,89.600,0.000,0.000,-0.248,4.000,200.000,0.488,197.400
https://doi.org/10.3390/nano11030627,Fe1Fe2O4,,10.000,0.200,0.000,2.391,38.000,0.000,0.000,0.000,0.000,204.000,0.136,37.100
https://doi.org/10.3390/nano11030627,Fe1Fe2O4,,10.000,0.200,0.000,2.391,38.000,0.000,0.000,0.000,0.000,204.000,0.146,45.100
https://doi.org/10.3390/nano11030627,Fe1Fe2O4,,10.000,0.200,0.000,2.391,38.000,0.000,0.000,0.000,0.000,204.000,0.160,50.000
https://doi.org/10.3390/nano11030627,Fe1Fe2O4,,10.000,0.200,0.000,2.391,38.000,0.000,0.000,0.000,0.000,204.000,0.180,81.000
https://doi.org/10.3390/nano11030627,Fe1Fe2O4,,10.000,0.200,0.000,2.391,38.000,0.000,0.000,0.000,0.000,204.000,0.205,136.300
https://doi.org/10.3390/nano11030627,Fe1Fe2O4,,10.000,0.353,0.000,2.391,70.000,0.000,0.000,0.000,0.000,204.000,0.136,72.200
https://doi.org/10.3390/nano11030627,Fe1Fe2O4,,10.000,0.353,0.000,2.391,70.000,0.000,0.000,0.000,0.000,204.000,0.146,88.800
https://doi.org/10.3390/nano11030627,Fe1Fe2O4,,10.000,0.353,0.000,2.391,70.000,0.000,0.000,0.000,0.000,204.000,0.160,109.800
https://doi.org/10.3390/nano11030627,Fe1Fe2O4,,10.000,0.353,0.000,2.391,70.000,0.000,0.000,0.000,0.000,204.000,0.180,121.700
https://doi.org/10.3390/nano11030627,Fe1Fe2O4,,10.000,0.353,0.000,2.391,70.000,0.000,0.000,0.000,0.000,204.000,0.205,165.100
https://doi.org/10.3390/nano11030627,Fe1Fe2O4,,10.000,0.639,1.000,2.391,81.000,0.000,0.000,0.000,0.000,204.000,0.136,26.300
https://doi.org/10.3390/nano11030627,Fe1Fe2O4,,10.000,0.639,1.000,2.391,81.000,0.000,0.000,0.000,0.000,204.000,0.146,40.000
https://doi.org/10.3390/nano11030627,Fe1Fe2O4,,10.000,0.639,1.000,2.391,81.000,0.000,0.000,0.000,0.000,204.000,0.160,56.600
https://doi.org/10.3390/nano11030627,Fe1Fe2O4,,10.000,0.639,1.000,2.391,81.000,0.000,0.000,0.000,0.000,204.000,0.180,67.100
https://doi.org/10.3390/nano11030627,Fe1Fe2O4,,10.000,0.639,1.000,2.391,81.000,0.000,0.000,0.000,0.000,204.000,0.205,71.000
10.1007/s10856-015-5466-7,Zn1Fe2O4,,20.000,0.300,0.000,1.691,41.060,67.300,0.620,0.000,0.000,251.400,0.280,14.100
10.1007/s10856-015-5466-7,Zn1Fe2O4,,20.000,0.300,0.000,1.691,41.060,67.300,0.620,0.000,0.000,335.200,0.280,42.260
10.1007/s10856-015-5466-7,Zn1Fe2O4,,20.000,0.300,0.000,1.691,41.060,67.300,0.620,0.000,0.000,419.000,0.280,28.190
10.1007/s10856-015-5466-7,Co1Fe2O4,,20.000,0.750,0.000,2.246,48.010,123.800,0.720,0.000,0.000,251.400,0.280,14.100
10.1007/s10856-015-5466-7,Co1Fe2O4,,20.000,0.750,0.000,2.246,48.010,123.800,0.720,0.000,0.000,335.200,0.280,21.140
10.1007/s10856-015-5466-7,Co1Fe2O4,,20.000,0.750,0.000,2.246,48.010,123.800,0.720,0.000,0.000,419.000,0.280,35.240
10.1039/c4tb00061g,Fe1Fe2O4,GA(Gallic Acid)-PEG,6.000,0.430,0.000,2.391,74.000,152.000,17.067,0.502,4.000,217.880,0.247,290.720
10.1039/c4tb00061g,Fe1Fe2O4,GA(Gallic Acid)-PEG,6.000,0.170,0.000,2.391,98.000,226.000,26.000,0.502,4.000,251.370,0.180,430.240
10.1039/c4tb00061g,Fe1Fe2O4,GA(Gallic Acid)-PEG,6.000,0.430,0.000,2.391,64.000,26.000,3.373,0.502,4.000,150.840,0.110,120.000
10.1039/c4tb00061g,Fe1Fe2O4,GA(Gallic Acid)-PEG,6.000,0.320,0.000,2.391,73.000,28.000,2.367,0.502,4.000,150.840,0.110,146.340
10.1039/c4tb00061g,Fe1Fe2O4,GA(Gallic Acid)-PEG,6.000,0.250,0.000,2.391,75.000,7.000,2.367,0.502,4.000,150.840,0.110,179.250
10.1039/c4tb00061g,Fe1Fe2O4,GA(Gallic Acid)-PEG,6.000,0.170,0.000,2.391,88.000,23.000,0.000,0.502,4.000,202.380,0.110,42.310
10.1039/c4tb00061g,Fe1Fe2O4,GA(Gallic Acid)-PEG,6.000,0.170,0.000,2.391,88.000,23.000,3.780,0.502,4.000,304.190,0.110,384.600
10.1039/c4tb00061g,Fe1Fe2O4,GA(Gallic Acid)-PEG,6.000,0.170,0.000,2.391,88.000,23.000,2.513,0.502,4.000,400.980,0.110,473.100
10.1039/c4tb00061g,Fe1Fe2O4,GA(Gallic Acid)-PEG,6.000,0.430,0.000,2.391,64.000,26.000,2.240,0.502,4.000,252.660,0.110,130.800
10.1039/c4tb00061g,Fe1Fe2O4,GA(Gallic Acid)-PEG,6.000,0.430,0.000,2.391,64.000,26.000,10.573,0.502,4.000,304.190,0.110,151.850
10.1039/c4tb00061g,Fe1Fe2O4,GA(Gallic Acid)-PEG,6.000,0.320,0.000,2.391,73.000,28.000,2.507,0.502,4.000,202.380,0.110,204.880
10.1039/c4tb00061g,Fe1Fe2O4,GA(Gallic Acid)-PEG,6.000,0.320,0.000,2.391,73.000,28.000,2.513,0.502,4.000,252.660,0.110,254.270
10.1039/c4tb00061g,Fe1Fe2O4,GA(Gallic Acid)-PEG,6.000,0.320,0.000,2.391,73.000,28.000,0.180,0.502,4.000,400.980,0.110,310.980
10.1039/c4tb00061g,Fe1Fe2O4,GA(Gallic Acid)-PEG,6.000,0.430,0.000,2.391,64.000,26.000,1.173,0.502,4.000,150.840,0.220,200.000
10.1039/c4tb00061g,Fe1Fe2O4,GA(Gallic Acid)-PEG,6.000,0.320,0.000,2.391,73.000,28.000,1.870,0.502,4.000,150.840,0.220,321.570
10.1039/c4tb00061g,Fe1Fe2O4,GA(Gallic Acid)-PEG,6.000,0.320,0.000,2.391,73.000,28.000,0.180,0.502,4.000,304.190,0.220,639.220
10.1039/c4tb00061g,Fe1Fe2O4,GA(Gallic Acid)-PEG,6.000,0.250,0.000,2.391,75.000,7.000,0.180,0.502,4.000,252.660,0.220,680.270
10.1039/c4tb00061g,Fe1Fe2O4,GA(Gallic Acid)-PEG,6.000,0.250,0.000,2.391,75.000,7.000,0.180,0.502,4.000,304.190,0.220,780.950
10.1039/c4tb00061g,Fe1Fe2O4,GA(Gallic Acid)-PEG,6.000,0.170,0.000,2.391,88.000,23.000,0.000,0.502,4.000,150.840,0.220,42.860
10.1039/c4tb00061g,Fe1Fe2O4,GA(Gallic Acid)-PEG,6.000,0.170,0.000,2.391,88.000,23.000,4.847,0.502,4.000,304.200,0.220,1066.700
10.1039/c4tb00061g,Fe1Fe2O4,GA(Gallic Acid)-PEG,6.000,0.170,0.000,2.391,88.000,23.000,3.140,0.502,4.000,202.380,0.300,276.000
10.1039/c4tb00061g,Fe1Fe2O4,GA(Gallic Acid)-PEG,6.000,0.170,0.000,2.391,88.000,23.000,0.180,0.502,4.000,252.660,0.300,672.000
10.1039/c4tb00061g,Fe1Fe2O4,GA(Gallic Acid)-PEG,6.000,0.170,0.000,2.391,88.000,23.000,0.180,0.502,4.000,304.190,0.300,1352.000
10.1039/c4tb00061g,Fe1Fe2O4,GA(Gallic Acid)-PEG,6.000,0.250,0.000,2.391,75.000,7.000,0.537,0.502,4.000,202.380,0.300,644.000
10.1039/c4tb00061g,Fe1Fe2O4,GA(Gallic Acid)-PEG,6.000,0.320,0.000,2.391,73.000,28.000,0.173,0.502,4.000,202.380,0.300,630.000
10.1039/c4tb00061g,Fe1Fe2O4,GA(Gallic Acid)-PEG,6.000,0.320,0.000,2.391,73.000,28.000,0.180,0.502,4.000,252.660,0.300,740.000
10.1039/c4tb00061g,Fe1Fe2O4,GA(Gallic Acid)-PEG,6.000,0.430,0.000,2.391,64.000,26.000,0.620,0.502,4.000,150.840,0.300,316.000
10.1039/c4tb00061g,Fe1Fe2O4,GA(Gallic Acid)-PEG,6.000,0.430,0.000,2.391,64.000,26.000,0.627,0.502,4.000,202.380,0.300,376.000
10.1007/s10856-015-5466-7,Ni1Fe2O4,,20.000,0.430,0.000,2.096,17.490,20.040,0.020,0.000,0.000,201.120,0.273,213.057
10.1007/s10856-015-5466-7,Mn1Fe2O4,,20.000,0.430,0.000,2.537,51.990,44.520,0.520,0.000,0.000,217.880,0.247,280.410
10.1039/c6nr01303a,Co1Fe2O4,,4.000,0.400,0.000,2.246,92.000,0.000,0.000,0.000,0.000,213.600,0.180,19.000
10.1039/c6nr01303a,Zn0.30Co0.70Fe2.00O4,,4.000,0.420,0.000,2.079,94.000,0.000,0.000,0.000,0.000,213.600,0.180,6.000
dx.doi.org/10.1021/nl302160d,Fe2.2C1Fe5C2,,24.000,0.230,0.000,2.554,132.000,0.000,0.000,0.000,0.000,203.640,0.050,6.960
dx.doi.org/10.1021/nl302160d,Fe2.2C1Fe5C2,,24.000,0.230,0.000,2.554,132.000,0.000,0.000,0.000,0.000,251.820,0.050,8.700
dx.doi.org/10.1021/nl302160d,Fe2.2C1Fe5C2,,24.000,0.230,0.000,2.554,132.000,0.000,0.000,0.000,0.000,337.270,0.050,71.740
dx.doi.org/10.1021/nl302160d,Fe2.2C1Fe5C2,,24.000,0.230,0.000,2.554,132.000,0.000,0.000,0.000,0.000,429.090,0.050,104.350
dx.doi.org/10.1021/nl302160d,Fe2.2C1Fe5C2,,24.000,0.230,0.000,2.554,132.000,0.000,0.000,0.000,0.000,504.550,0.050,172.610
dx.doi.org/10.1021/nl302160d,Fe2.2C1Fe5C2,,24.000,0.230,0.000,2.554,132.000,0.000,0.000,0.000,0.000,593.640,0.050,293.910
10.1021/nn2048137,Fe1Fe2O4,poly- (maleic anhydride alt-1-octadecene),1.000,0.320,0.000,2.391,82.000,400.000,34.000,6.670,3.000,294.000,0.573,636.573
10.1021/nn2048137,Fe1Fe2O4,poly- (maleic anhydride alt-1-octadecene),1.000,0.320,0.000,2.391,73.800,0.000,0.000,6.670,3.000,100.000,0.320,125.000
10.1021/nn2048137,Fe1Fe2O4,poly- (maleic anhydride alt-1-octadecene),1.000,0.320,0.000,2.391,73.800,0.000,0.000,6.670,3.000,151.200,0.320,331.520
10.1021/nn2048137,Fe1Fe2O4,poly- (maleic anhydride alt-1-octadecene),1.000,0.320,0.000,2.391,73.800,0.000,0.000,6.670,3.000,187.700,0.320,536.300
10.1021/nn2048137,Fe1Fe2O4,poly- (maleic anhydride alt-1-octadecene),1.000,0.320,0.000,2.391,73.800,0.000,0.000,6.670,3.000,226.800,0.320,750.000
10.1021/nn2048137,Fe1Fe2O4,poly- (maleic anhydride alt-1-octadecene),1.000,0.320,0.000,2.391,73.800,0.000,0.000,6.670,3.000,277.200,0.320,934.800
10.1021/nn2048137,Fe1Fe2O4,poly- (maleic anhydride alt-1-octadecene),1.000,0.320,0.000,2.391,73.800,0.000,0.000,6.670,3.000,126.000,0.520,236.260
10.1021/nn2048137,Fe1Fe2O4,poly- (maleic anhydride alt-1-octadecene),1.000,0.320,0.000,2.391,73.800,0.000,0.000,6.670,3.000,187.400,0.520,604.400
10.1021/nn2048137,Fe1Fe2O4,poly- (maleic anhydride alt-1-octadecene),1.000,0.320,0.000,2.391,73.800,0.000,0.000,6.670,3.000,226.800,0.520,1164.840
10.1021/nn2048137,Fe1Fe2O4,poly- (maleic anhydride alt-1-octadecene),1.000,0.320,0.000,2.391,73.800,0.000,0.000,6.670,3.000,277.200,0.520,1412.090
10.1021/nn2048137,Fe1Fe2O4,poly- (maleic anhydride alt-1-octadecene),1.000,0.320,0.000,2.391,73.800,0.000,0.000,6.670,3.000,302.400,0.520,1967.030
10.1021/nn2048137,Fe1Fe2O4,poly- (maleic anhydride alt-1-octadecene),1.000,0.320,0.000,2.391,73.800,0.000,0.000,6.670,3.000,365.400,0.520,2450.550
10.1021/nn2048137,Fe1Fe2O4,poly- (maleic anhydride alt-1-octadecene),1.000,0.320,0.000,2.391,73.800,0.000,0.000,6.670,3.000,88.000,0.700,150.000
10.1021/nn2048137,Fe1Fe2O4,poly- (maleic anhydride alt-1-octadecene),1.000,0.320,0.000,2.391,73.800,0.000,0.000,6.670,3.000,163.800,0.700,650.000
10.1021/nn2048137,Fe1Fe2O4,poly- (maleic anhydride alt-1-octadecene),1.000,0.320,0.000,2.391,73.800,0.000,0.000,6.670,3.000,226.800,0.700,1286.840
10.1021/nn2048137,Fe1Fe2O4,poly- (maleic anhydride alt-1-octadecene),1.000,0.320,0.000,2.391,73.800,0.000,0.000,6.670,3.000,264.600,0.700,1681.580
10.1021/nn2048137,Fe1Fe2O4,poly- (maleic anhydride alt-1-octadecene),1.000,0.320,0.000,2.391,73.800,0.000,0.000,6.670,3.000,302.400,0.700,2202.630
10.1021/nn2048137,Fe1Fe2O4,poly- (maleic anhydride alt-1-octadecene),1.000,0.500,0.000,2.391,66.277,404.667,20.847,6.670,3.000,189.000,0.320,36.360
10.1021/nn2048137,Fe1Fe2O4,poly- (maleic anhydride alt-1-octadecene),1.000,0.500,0.000,2.391,66.277,404.667,20.847,6.670,3.000,226.800,0.320,38.960
10.1021/nn2048137,Fe1Fe2O4,poly- (maleic anhydride alt-1-octadecene),1.000,0.500,0.000,2.391,66.277,404.667,20.847,6.670,3.000,226.800,0.520,113.600
10.1021/nn2048137,Fe1Fe2O4,poly- (maleic anhydride alt-1-octadecene),1.000,0.500,0.000,2.391,66.277,404.667,20.847,6.670,3.000,264.600,0.700,192.310
10.1021/nn2048137,Fe1Fe2O4,poly- (maleic anhydride alt-1-octadecene),1.000,0.500,0.000,2.391,66.277,404.667,20.847,6.670,3.000,302.400,0.700,308.970
10.1021/nn2048137,Fe1Fe2O4,poly- (maleic anhydride alt-1-octadecene),1.000,0.500,0.000,2.391,66.277,404.667,20.847,6.670,3.000,277.200,0.320,496.270
10.1021/nn2048137,Fe1Fe2O4,poly- (maleic anhydride alt-1-octadecene),1.000,0.500,0.000,2.391,66.277,404.667,20.847,6.670,3.000,189.000,0.520,283.580
10.1021/nn2048137,Fe1Fe2O4,poly- (maleic anhydride alt-1-octadecene),1.000,0.500,0.000,2.391,66.277,404.667,20.847,6.670,3.000,365.400,0.520,1667.910
10.1021/nn2048137,Fe1Fe2O4,poly- (maleic anhydride alt-1-octadecene),1.000,0.500,0.000,2.391,66.277,404.667,20.847,6.670,3.000,88.000,0.700,67.160
10.1021/nn2048137,Fe1Fe2O4,poly- (maleic anhydride alt-1-octadecene),1.000,0.500,0.000,2.391,66.277,404.667,20.847,6.670,3.000,226.800,0.700,727.610
10.1021/nn2048137,Fe1Fe2O4,poly- (maleic anhydride alt-1-octadecene),1.000,0.500,0.000,2.391,66.277,404.667,20.847,6.670,3.000,264.600,0.700,910.450
10.1021/nn2048137,Fe1Fe2O4,poly- (maleic anhydride alt-1-octadecene),1.000,0.500,0.000,2.391,66.277,404.667,20.847,6.670,3.000,302.400,0.700,1104.480
10.1021/nn2048137,Fe1Fe2O4,poly- (maleic anhydride alt-1-octadecene),1.000,0.110,0.000,2.391,72.167,1.848,28.933,6.670,3.000,151.200,0.320,5.750
10.1021/nn2048137,Fe1Fe2O4,poly- (maleic anhydride alt-1-octadecene),1.000,0.110,0.000,2.391,72.167,1.848,28.933,6.670,3.000,189.000,0.320,7.850
10.1021/nn2048137,Fe1Fe2O4,poly- (maleic anhydride alt-1-octadecene),1.000,0.110,0.000,2.391,72.167,1.848,28.933,6.670,3.000,226.800,0.320,38.900
10.1021/nn2048137,Fe1Fe2O4,poly- (maleic anhydride alt-1-octadecene),1.000,0.110,0.000,2.391,72.167,1.848,28.933,6.670,3.000,126.000,0.520,7.470
10.1021/nn2048137,Fe1Fe2O4,poly- (maleic anhydride alt-1-octadecene),1.000,0.110,0.000,2.391,72.167,1.848,28.933,6.670,3.000,189.000,0.520,62.640
10.1021/nn2048137,Fe1Fe2O4,poly- (maleic anhydride alt-1-octadecene),1.000,0.110,0.000,2.391,72.167,1.848,28.933,6.670,3.000,226.800,0.700,211.490
10.1021/nn2048137,Fe1Fe2O4,poly- (maleic anhydride alt-1-octadecene),1.000,0.110,0.000,2.391,72.167,1.848,28.933,6.670,3.000,302.400,0.700,352.870
http://dx.doi.org/10.1021/acs.chemmater.5b04780,Co1Fe2O4,decanoic acid,5.000,0.400,0.000,2.246,47.900,10.000,40.000,3.212,1.000,201.120,0.300,213.743
http://dx.doi.org/10.1021/acs.chemmater.5b04780,Co0.5Fe0.5Fe2O4,decanoic acid,5.000,0.300,0.000,2.319,73.750,13.580,49.200,3.212,1.000,234.640,0.220,358.073
http://dx.doi.org/10.1021/acs.chemmater.5b04780,Co0.5Fe0.5Fe2O4,decanoic acid,5.000,0.147,0.000,2.319,40.000,2.545,30.000,3.212,1.000,150.800,0.100,74.750
http://dx.doi.org/10.1021/acs.chemmater.5b04780,Co0.5Fe0.5Fe2O4,decanoic acid,5.000,0.300,0.000,2.319,60.000,2.545,30.000,3.212,1.000,201.060,0.100,157.580
http://dx.doi.org/10.1021/acs.chemmater.5b04780,Co0.5Fe0.5Fe2O4,decanoic acid,5.000,0.300,0.000,2.319,60.000,2.545,30.000,3.212,1.000,301.590,0.100,391.920
http://dx.doi.org/10.1021/acs.chemmater.5b04780,Co0.5Fe0.5Fe2O4,decanoic acid,5.000,0.300,0.000,2.319,60.000,2.545,30.000,3.212,1.000,402.120,0.100,678.790
http://dx.doi.org/10.1021/acs.chemmater.5b04780,Co0.5Fe0.5Fe2O4,decanoic acid,5.000,0.300,0.000,2.319,60.000,2.545,30.000,3.212,1.000,150.800,0.220,146.940
http://dx.doi.org/10.1021/acs.chemmater.5b04780,Co0.5Fe0.5Fe2O4,decanoic acid,5.000,0.300,0.000,2.319,60.000,2.545,30.000,3.212,1.000,201.060,0.220,279.000
http://dx.doi.org/10.1021/acs.chemmater.5b04780,Co0.5Fe0.5Fe2O4,decanoic acid,5.000,0.300,0.000,2.319,60.000,2.545,30.000,3.212,1.000,251.330,0.220,453.060
http://dx.doi.org/10.1021/acs.chemmater.5b04780,Co0.5Fe0.5Fe2O4,decanoic acid,5.000,0.300,0.000,2.319,60.000,2.545,30.000,3.212,1.000,301.590,0.220,628.570
http://dx.doi.org/10.1021/acs.chemmater.5b04780,Co0.5Fe0.5Fe2O4,decanoic acid,5.000,0.300,0.000,2.319,60.000,2.545,30.000,3.212,1.000,150.800,0.300,122.450
http://dx.doi.org/10.1021/acs.chemmater.5b04780,Co0.5Fe0.5Fe2O4,decanoic acid,5.000,0.300,0.000,2.319,60.000,2.545,30.000,3.212,1.000,201.060,0.300,246.940
http://dx.doi.org/10.1021/acs.chemmater.5b04780,Co0.5Fe0.5Fe2O4,decanoic acid,5.000,0.300,0.000,2.319,60.000,2.545,30.000,3.212,1.000,251.330,0.300,416.330
http://dx.doi.org/10.1021/acs.chemmater.5b04780,Co0.7Fe0.3Fe2O4,decanoic acid,5.000,0.220,0.000,2.289,60.000,7.360,40.000,3.212,1.000,234.640,0.247,358.760
http://dx.doi.org/10.1021/acs.chemmater.5b04780,Co0.7Fe0.3Fe2O4,decanoic acid,5.000,0.220,0.000,2.289,70.000,400.000,20.000,3.212,1.000,150.800,0.100,68.000
http://dx.doi.org/10.1021/acs.chemmater.5b04780,Co0.7Fe0.3Fe2O4,decanoic acid,5.000,0.220,0.000,2.289,70.000,400.000,20.000,3.212,1.000,201.060,0.100,134.000
http://dx.doi.org/10.1021/acs.chemmater.5b04780,Co0.7Fe0.3Fe2O4,decanoic acid,5.000,0.220,0.000,2.289,70.000,400.000,20.000,3.212,1.000,251.330,0.100,220.000
http://dx.doi.org/10.1021/acs.chemmater.5b04780,Co0.7Fe0.3Fe2O4,decanoic acid,5.000,0.220,0.000,2.289,70.000,400.000,20.000,3.212,1.000,301.590,0.100,290.000
http://dx.doi.org/10.1021/acs.chemmater.5b04780,Co0.7Fe0.3Fe2O4,decanoic acid,5.000,0.220,0.000,2.289,70.000,400.000,20.000,3.212,1.000,402.120,0.100,428.000
http://dx.doi.org/10.1021/acs.chemmater.5b04780,Co0.7Fe0.3Fe2O4,decanoic acid,5.000,0.320,0.000,2.289,49.000,300.000,15.000,3.212,1.000,150.840,0.100,153.530
http://dx.doi.org/10.1021/acs.chemmater.5b04780,Co0.7Fe0.3Fe2O4,decanoic acid,5.000,0.320,0.000,2.289,49.000,300.000,15.000,3.212,1.000,201.120,0.100,276.770
http://dx.doi.org/10.1021/acs.chemmater.5b04780,Co0.7Fe0.3Fe2O4,decanoic acid,5.000,0.320,0.000,2.289,49.000,300.000,15.000,3.212,1.000,251.400,0.100,426.260
http://dx.doi.org/10.1021/acs.chemmater.5b04780,Co0.7Fe0.3Fe2O4,decanoic acid,5.000,0.320,0.000,2.289,49.000,300.000,15.000,3.212,1.000,301.680,0.100,608.080
http://dx.doi.org/10.1021/acs.chemmater.5b04780,Co0.7Fe0.3Fe2O4,decanoic acid,5.000,0.320,0.000,2.289,49.000,300.000,15.000,3.212,1.000,402.240,0.100,915.150
http://dx.doi.org/10.1021/acs.chemmater.5b04780,Co0.7Fe0.3Fe2O4,decanoic acid,5.000,0.260,0.000,2.289,53.000,400.000,20.000,3.212,1.000,150.840,0.100,59.410
http://dx.doi.org/10.1021/acs.chemmater.5b04780,Co0.7Fe0.3Fe2O4,decanoic acid,5.000,0.260,0.000,2.289,53.000,400.000,20.000,3.212,1.000,201.120,0.100,97.030
http://dx.doi.org/10.1021/acs.chemmater.5b04780,Co0.7Fe0.3Fe2O4,decanoic acid,5.000,0.260,0.000,2.289,53.000,400.000,20.000,3.212,1.000,301.680,0.100,196.040
http://dx.doi.org/10.1021/acs.chemmater.5b04780,Co0.7Fe0.3Fe2O4,decanoic acid,5.000,0.260,0.000,2.289,53.000,400.000,20.000,3.212,1.000,402.240,0.100,322.770
http://dx.doi.org/10.1021/acs.chemmater.5b04780,Co0.7Fe0.3Fe2O4,decanoic acid,5.000,0.300,0.000,2.289,48.000,300.000,15.400,3.212,1.000,150.840,0.100,158.000
http://dx.doi.org/10.1021/acs.chemmater.5b04780,Co0.7Fe0.3Fe2O4,decanoic acid,5.000,0.300,0.000,2.289,48.000,300.000,15.400,3.212,1.000,201.120,0.100,274.000
http://dx.doi.org/10.1021/acs.chemmater.5b04780,Co0.7Fe0.3Fe2O4,decanoic acid,5.000,0.300,0.000,2.289,48.000,300.000,15.400,3.212,1.000,251.400,0.100,422.000
http://dx.doi.org/10.1021/acs.chemmater.5b04780,Co0.7Fe0.3Fe2O4,decanoic acid,5.000,0.300,0.000,2.289,48.000,300.000,15.400,3.212,1.000,301.680,0.100,600.000
http://dx.doi.org/10.1021/acs.chemmater.5b04780,Co0.7Fe0.3Fe2O4,decanoic acid,5.000,0.300,0.000,2.289,48.000,300.000,15.400,3.212,1.000,402.240,0.100,906.000
http://dx.doi.org/10.1021/acs.chemmater.5b04780,Co0.7Fe0.3Fe2O4,decanoic acid,5.000,0.220,0.000,2.289,70.000,400.000,20.000,3.212,1.000,201.063,0.100,140.667
http://dx.doi.org/10.1021/acs.chemmater.5b04780,Co0.7Fe0.3Fe2O4,decanoic acid,5.000,0.350,0.000,2.289,63.250,10.860,43.067,3.212,1.000,150.840,0.220,125.770
http://dx.doi.org/10.1021/acs.chemmater.5b04780,Co0.7Fe0.3Fe2O4,decanoic acid,5.000,0.350,0.000,2.289,63.250,10.860,43.067,3.212,1.000,251.400,0.220,383.500
http://dx.doi.org/10.1021/acs.chemmater.5b04780,Co0.7Fe0.3Fe2O4,decanoic acid,5.000,0.350,0.000,2.289,63.250,10.860,43.067,3.212,1.000,301.680,0.220,564.950
http://dx.doi.org/10.1021/acs.chemmater.5b04780,Co0.7Fe0.3Fe2O4,decanoic acid,5.000,0.350,0.000,2.289,63.250,10.860,43.067,3.212,1.000,150.840,0.300,127.830
http://dx.doi.org/10.1021/acs.chemmater.5b04780,Co0.7Fe0.3Fe2O4,decanoic acid,5.000,0.350,0.000,2.289,63.250,10.860,43.067,3.212,1.000,201.120,0.300,150.510
http://dx.doi.org/10.1021/acs.chemmater.5b04780,Co0.7Fe0.3Fe2O4,decanoic acid,5.000,0.350,0.000,2.289,63.250,10.860,43.067,3.212,1.000,251.400,0.300,362.890
http://dx.doi.org/10.1021/acs.chemmater.5b04780,Co0.1Fe0.9Fe2O4,decanoic acid,5.000,0.300,0.000,2.377,73.500,143.000,10.800,3.212,1.000,251.370,0.180,430.240
http://dx.doi.org/10.1021/acs.chemmater.5b04780,Co0.1Fe0.9Fe2O4,decanoic acid,5.000,0.300,0.000,2.377,86.200,9.100,69.000,3.212,1.000,201.120,0.300,213.743
http://dx.doi.org/10.1021/acs.chemmater.5b04780,Co0.3Fe0.7Fe2O4,decanoic acid,5.000,0.300,0.000,2.348,63.970,94.120,8.107,3.212,1.000,251.400,0.100,226.260
http://dx.doi.org/10.1021/acs.chemmater.5b04780,Co0.3Fe0.7Fe2O4,decanoic acid,5.000,0.300,0.000,2.348,63.970,94.120,6.107,3.212,1.000,402.240,0.100,563.640
http://dx.doi.org/10.1021/acs.jpcc.6b02006,Fe1Fe2O4,oleic acid- coated,1.000,0.330,1.000,2.391,91.320,0.000,0.000,6.109,1.000,100.000,0.310,8.000
http://dx.doi.org/10.1021/acs.jpcc.6b02006,Fe1Fe2O4,oleic acid- coated,1.000,0.330,1.000,2.391,91.320,0.000,0.000,6.109,1.000,200.000,0.310,8.000
http://dx.doi.org/10.1021/acs.jpcc.6b02006,Fe1Fe2O4,oleic acid- coated,1.000,0.330,1.000,2.391,91.320,0.000,0.000,6.109,1.000,300.000,0.310,32.000
http://dx.doi.org/10.1021/acs.jpcc.6b02006,Fe1Fe2O4,oleic acid- coated,1.000,0.330,1.000,2.391,91.320,0.000,0.000,6.109,1.000,400.000,0.310,154.670
http://dx.doi.org/10.1021/acs.jpcc.6b02006,Fe1Fe2O4,oleic acid- coated,1.000,0.330,1.000,2.391,91.320,0.000,0.000,6.109,1.000,500.000,0.310,185.780
http://dx.doi.org/10.1021/acs.jpcc.6b02006,Fe1Fe2O4,oleic acid- coated,1.000,0.330,1.000,2.391,91.320,0.000,0.000,6.109,1.000,600.000,0.310,331.560
http://dx.doi.org/10.1021/acs.jpcc.6b02006,Fe1Fe2O4,oleic acid- coated,1.000,0.330,1.000,2.391,91.320,0.000,0.000,6.109,1.000,700.000,0.310,392.890
http://dx.doi.org/10.1021/acs.jpcc.6b02006,Fe1Fe2O4,oleic acid- coated,1.000,0.330,1.000,2.391,91.320,0.000,0.000,6.109,1.000,800.000,0.310,552.000
http://dx.doi.org/10.1021/acs.jpcc.6b02006,Fe1Fe2O4,oleic acid- coated,1.000,0.380,1.000,2.391,88.300,0.000,0.000,6.109,1.000,200.000,0.310,14.470
http://dx.doi.org/10.1021/acs.jpcc.6b02006,Fe1Fe2O4,oleic acid- coated,1.000,0.380,1.000,2.391,88.300,0.000,0.000,6.109,1.000,400.000,0.310,204.600
http://dx.doi.org/10.1021/acs.jpcc.6b02006,Fe1Fe2O4,oleic acid- coated,1.000,0.380,1.000,2.391,88.300,0.000,0.000,6.109,1.000,500.000,0.310,489.610
http://dx.doi.org/10.1021/acs.jpcc.6b02006,Fe1Fe2O4,oleic acid- coated,1.000,0.380,1.000,2.391,88.300,0.000,0.000,6.109,1.000,700.000,0.310,754.610
http://dx.doi.org/10.1021/acs.jpcc.6b02006,Fe1Fe2O4,oleic acid- coated,1.000,0.380,1.000,2.391,88.300,0.000,0.000,6.109,1.000,800.000,0.310,857.890
http://dx.doi.org/10.1021/acs.jpcc.6b02006,Fe1Fe2O4,oleic acid- coated,1.000,0.380,1.000,2.391,88.300,0.000,0.000,6.109,1.000,152.750,0.150,9.430
http://dx.doi.org/10.1021/acs.jpcc.6b02006,Fe1Fe2O4,oleic acid- coated,1.000,0.380,1.000,2.391,88.300,0.000,0.000,6.109,1.000,171.430,0.150,14.980
http://dx.doi.org/10.1021/acs.jpcc.6b02006,Fe1Fe2O4,oleic acid- coated,1.000,0.380,1.000,2.391,88.300,0.000,0.000,6.109,1.000,192.310,0.150,22.000
http://dx.doi.org/10.1021/acs.jpcc.6b02006,Fe1Fe2O4,oleic acid- coated,1.000,0.380,1.000,2.391,88.300,0.000,0.000,6.109,1.000,212.090,0.150,30.920
http://dx.doi.org/10.1021/acs.jpcc.6b02006,Fe1Fe2O4,oleic acid- coated,1.000,0.380,1.000,2.391,88.300,0.000,0.000,6.109,1.000,231.870,0.150,41.300
http://dx.doi.org/10.1021/acs.jpcc.6b02006,Fe1Fe2O4,oleic acid- coated,1.000,0.380,1.000,2.391,88.300,0.000,0.000,6.109,1.000,254.940,0.150,53.730
http://dx.doi.org/10.1021/acs.jpcc.6b02006,Fe1Fe2O4,oleic acid- coated,1.000,0.380,1.000,2.391,88.300,0.000,0.000,6.109,1.000,300.000,0.150,80.340
http://dx.doi.org/10.1021/acs.jpcc.6b02006,Fe1Fe2O4,oleic acid- coated,1.000,0.380,1.000,2.391,88.300,0.000,0.000,6.109,1.000,323.630,0.150,102.480
http://dx.doi.org/10.1021/acs.jpcc.6b02006,Fe1Fe2O4,oleic acid- coated,1.000,0.380,1.000,2.391,88.300,0.000,0.000,6.109,1.000,347.250,0.150,118.570
http://dx.doi.org/10.1021/acs.jpcc.6b02006,Fe1Fe2O4,oleic acid- coated,1.000,0.380,1.000,2.391,88.300,0.000,0.000,6.109,1.000,370.330,0.150,131.140
http://dx.doi.org/10.1021/acs.jpcc.6b02006,Fe1Fe2O4,oleic acid- coated,1.000,0.380,1.000,2.391,88.300,0.000,0.000,6.109,1.000,386.810,0.150,139.620
http://dx.doi.org/10.1021/acs.jpcc.6b02006,Fe1Fe2O4,oleic acid- coated,1.000,0.380,1.000,2.391,88.300,0.000,0.000,6.109,1.000,396.150,0.150,143.570
http://dx.doi.org/10.1021/acs.jpcc.6b02006,Fe1Fe2O4,oleic acid- coated,1.000,0.380,1.000,2.391,88.300,0.000,0.000,6.109,1.000,412.090,0.150,153.660
http://dx.doi.org/10.1021/acs.jpcc.6b02006,Fe1Fe2O4,oleic acid- coated,1.000,0.380,1.000,2.391,88.300,0.000,0.000,6.109,1.000,414.830,0.150,159.060
http://dx.doi.org/10.1021/acs.jpcc.6b02006,Fe1Fe2O4,oleic acid- coated,1.000,0.380,1.000,2.391,88.300,0.000,0.000,6.109,1.000,418.130,0.150,161.110
http://dx.doi.org/10.1021/acs.jpcc.6b02006,Fe1Fe2O4,oleic acid- coated,1.000,0.380,1.000,2.391,88.300,0.000,0.000,6.109,1.000,418.130,0.150,161.110
http://dx.doi.org/10.1021/acs.jpcc.6b02006,Fe1Fe2O4,oleic acid- coated,1.000,0.330,1.000,2.391,91.320,0.000,0.000,6.109,1.000,140.330,0.150,3.450
http://dx.doi.org/10.1021/acs.jpcc.6b02006,Fe1Fe2O4,oleic acid- coated,1.000,0.330,1.000,2.391,91.320,0.000,0.000,6.109,1.000,160.220,0.150,13.360
http://dx.doi.org/10.1021/acs.jpcc.6b02006,Fe1Fe2O4,oleic acid- coated,1.000,0.330,1.000,2.391,91.320,0.000,0.000,6.109,1.000,178.450,0.150,17.670
http://dx.doi.org/10.1021/acs.jpcc.6b02006,Fe1Fe2O4,oleic acid- coated,1.000,0.330,1.000,2.391,91.320,0.000,0.000,6.109,1.000,197.280,0.150,26.290
http://dx.doi.org/10.1021/acs.jpcc.6b02006,Fe1Fe2O4,oleic acid- coated,1.000,0.330,1.000,2.391,91.320,0.000,0.000,6.109,1.000,218.780,0.150,34.910
http://dx.doi.org/10.1021/acs.jpcc.6b02006,Fe1Fe2O4,oleic acid- coated,1.000,0.330,1.000,2.391,91.320,0.000,0.000,6.109,1.000,235.910,0.150,44.830
http://dx.doi.org/10.1021/acs.jpcc.6b02006,Fe1Fe2O4,oleic acid- coated,1.000,0.330,1.000,2.391,91.320,0.000,0.000,6.109,1.000,254.700,0.150,56.470
http://dx.doi.org/10.1021/acs.jpcc.6b02006,Fe1Fe2O4,oleic acid- coated,1.000,0.330,1.000,2.391,91.320,0.000,0.000,6.109,1.000,290.610,0.150,82.760
http://dx.doi.org/10.1021/acs.jpcc.6b02006,Fe1Fe2O4,oleic acid- coated,1.000,0.330,1.000,2.391,91.320,0.000,0.000,6.109,1.000,309.390,0.150,94.400
http://dx.doi.org/10.1021/acs.jpcc.6b02006,Fe1Fe2O4,oleic acid- coated,1.000,0.330,1.000,2.391,91.320,0.000,0.000,6.109,1.000,325.410,0.150,106.030
http://dx.doi.org/10.1021/acs.jpcc.6b02006,Fe1Fe2O4,oleic acid- coated,1.000,0.330,1.000,2.391,91.320,0.000,0.000,6.109,1.000,343.650,0.150,117.670
http://dx.doi.org/10.1021/acs.jpcc.6b02006,Fe1Fe2O4,oleic acid- coated,1.000,0.330,1.000,2.391,91.320,0.000,0.000,6.109,1.000,361.880,0.150,128.020
http://dx.doi.org/10.1021/acs.jpcc.6b02006,Fe1Fe2O4,oleic acid- coated,1.000,0.330,1.000,2.391,91.320,0.000,0.000,6.109,1.000,374.030,0.150,134.480
http://dx.doi.org/10.1021/acs.jpcc.6b02006,Fe1Fe2O4,oleic acid- coated,1.000,0.330,1.000,2.391,91.320,0.000,0.000,6.109,1.000,382.870,0.150,141.810
http://dx.doi.org/10.1021/acs.jpcc.6b02006,Fe1Fe2O4,oleic acid- coated,1.000,0.330,1.000,2.391,91.320,0.000,0.000,6.109,1.000,390.610,0.150,142.240
http://dx.doi.org/10.1021/acs.jpcc.6b02006,Fe1Fe2O4,oleic acid- coated,1.000,0.330,1.000,2.391,91.320,0.000,0.000,6.109,1.000,400.550,0.150,149.140
10.1021/nn2048137,Fe1Fe2O4,poly- (maleic anhydride alt-1-octadecene),1.000,0.120,0.000,2.391,60.000,0.000,0.000,6.670,3.000,350.000,0.320,80.000
http://dx.doi.org/10.1021/acs.chemmater.5b04780,Co0.5Fe0.5Fe2O4,decanoic acid,5.000,0.300,0.000,2.319,60.000,2.545,30.000,3.212,1.000,301.590,0.300,650.000
http://dx.doi.org/10.1021/acs.chemmater.5b04780,Co0.7Fe0.3Fe2O4,decanoic acid,5.000,0.400,0.000,2.289,56.000,11.000,40.000,3.212,1.000,201.120,0.300,213.743
http://dx.doi.org/10.1021/acs.chemmater.5b04780,Co0.7Fe0.3Fe2O4,decanoic acid,5.000,0.320,0.000,2.289,61.000,5.000,42.000,3.212,1.000,251.370,0.207,378.003
http://dx.doi.org/10.1021/acs.chemmater.5b04780,Co0.7Fe0.3Fe2O4,decanoic acid,5.000,0.260,0.000,2.289,70.000,8.000,40.000,3.212,1.000,234.640,0.247,358.760
http://dx.doi.org/10.1021/acs.chemmater.5b04780,Co0.7Fe0.3Fe2O4,decanoic acid,5.000,0.260,0.000,2.289,53.000,400.000,20.000,3.212,1.000,251.330,0.100,160.000
http://dx.doi.org/10.1021/acs.chemmater.5b04780,Co0.7Fe0.3Fe2O4,decanoic acid,5.000,0.300,0.000,2.289,60.000,8.000,40.000,3.212,1.000,234.640,0.247,358.760
http://dx.doi.org/10.1021/acs.chemmater.5b04780,Co0.7Fe0.3Fe2O4,decanoic acid,5.000,0.350,0.000,2.289,63.250,10.860,43.067,3.212,1.000,301.590,0.100,600.000
http://dx.doi.org/10.1021/acs.jpcc.6b02006,Fe1Fe2O4,oleic acid- coated,1.000,0.380,1.000,2.391,88.300,0.000,0.000,6.109,1.000,600.000,0.310,670.000
10.1021/nn2048137,Fe1Fe2O4,poly- (maleic anhydride alt-1-octadecene),1.000,0.120,0.000,2.391,60.000,0.000,0.000,6.670,3.000,550.000,0.320,125.000
10.1021/nn2048137,Fe1Fe2O4,poly- (maleic anhydride alt-1-octadecene),1.000,0.120,0.000,2.391,60.000,0.000,0.000,6.670,3.000,750.000,0.320,160.000
https://doi.org/10.1021/acs.nanolett.0c02795,Fe1Fe2O4,,1.000,0.050,0.000,2.391,81.833,173.667,23.513,0.000,0.000,440.000,0.400,2213.000
https://doi.org/10.1063/1.5006515,Co0.1Fe0.9Fe2O4,,2.000,0.500,0.000,2.377,82.000,7.400,65.000,0.000,0.000,184.000,0.270,107.000
https://doi.org/10.1063/1.5006515,Co0.3Fe0.7Fe2O4,,2.000,0.500,0.000,2.348,84.000,10.597,70.000,0.000,0.000,184.000,0.270,130.000
https://doi.org/10.1063/1.5006515,Co0.5Fe0.5Fe2O4,,2.000,0.500,0.000,2.319,77.000,15.701,67.000,0.000,0.000,184.000,0.270,210.000
https://doi.org/10.1063/1.5006515,Co0.1Fe0.9Fe2O4,,2.000,0.500,0.000,2.377,82.000,7.400,65.000,0.000,0.000,234.000,0.270,130.000
https://doi.org/10.1063/1.5006515,Co0.1Fe0.9Fe2O4,,2.000,0.500,0.000,2.377,82.000,7.400,65.000,0.000,0.000,491.000,0.270,210.000
https://doi.org/10.1063/1.5006515,Co0.3Fe0.7Fe2O4,,2.000,0.500,0.000,2.348,84.000,10.597,70.000,0.000,0.000,234.000,0.270,205.000
https://doi.org/10.1063/1.5006515,Co0.3Fe0.7Fe2O4,,2.000,0.500,0.000,2.348,84.000,10.597,70.000,0.000,0.000,491.000,0.270,350.000
https://doi.org/10.1063/1.5006515,Co0.5Fe0.5Fe2O4,,2.000,0.500,0.000,2.319,77.000,15.701,67.000,0.000,0.000,234.000,0.270,340.000
https://doi.org/10.1063/1.5006515,Co0.5Fe0.5Fe2O4,,2.000,0.500,0.000,2.319,77.000,15.701,67.000,0.000,0.000,491.000,0.270,550.000
https://doi.org/10.1039/C5RA12558H,Fe1Fe2O4,,0.100,0.570,0.000,2.391,68.000,0.000,0.000,0.000,0.000,200.000,0.360,77.000
https://doi.org/10.1039/C5RA12558H,Fe1Fe2O4,,0.100,0.570,0.000,2.391,68.000,0.000,0.000,0.000,0.000,400.000,0.360,128.000
https://doi.org/10.1039/C5RA12558H,Fe1Fe2O4,,0.100,0.570,0.000,2.391,68.000,0.000,0.000,0.000,0.000,600.000,0.360,350.000
https://doi.org/10.1039/C5RA12558H,Fe1Fe2O4,,0.100,0.570,0.000,2.391,68.000,0.000,0.000,0.000,0.000,800.000,0.360,360.000
https://doi.org/10.1039/C5RA12558H,Fe1Fe2O4,,0.100,0.330,0.000,2.391,73.000,22.000,7.000,0.000,0.000,200.000,0.360,244.000
https://doi.org/10.1039/C5RA12558H,Fe1Fe2O4,,0.100,0.330,0.000,2.391,73.000,22.000,7.000,0.000,0.000,400.000,0.360,514.000
https://doi.org/10.1039/C5RA12558H,Fe1Fe2O4,,0.100,0.330,0.000,2.391,73.000,22.000,7.000,0.000,0.000,600.000,0.360,700.000
https://doi.org/10.1039/C5RA12558H,Fe1Fe2O4,,0.100,0.330,0.000,2.391,73.000,22.000,7.000,0.000,0.000,800.000,0.360,1200.000
https://doi.org/10.1039/C5RA12558H,Fe1Fe2O4,,0.100,0.170,0.000,2.391,85.000,37.000,14.000,0.000,0.000,200.000,0.360,154.000
https://doi.org/10.1039/C5RA12558H,Fe1Fe2O4,,0.100,0.170,0.000,2.391,85.000,37.000,14.000,0.000,0.000,400.000,0.360,1000.000
https://doi.org/10.1039/C5RA12558H,Fe1Fe2O4,,0.100,0.170,0.000,2.391,85.000,37.000,14.000,0.000,0.000,600.000,0.360,1738.000
https://doi.org/10.1039/C5RA12558H,Fe1Fe2O4,,0.100,0.170,0.000,2.391,85.000,37.000,14.000,0.000,0.000,800.000,0.360,2494.000
https://doi.org/10.1039/C5RA12558H,Fe1Fe2O4,,0.100,0.080,0.000,2.391,90.000,80.000,23.000,0.000,0.000,200.000,0.360,55.000
https://doi.org/10.1039/C5RA12558H,Fe1Fe2O4,,0.100,0.080,0.000,2.391,90.000,80.000,23.000,0.000,0.000,400.000,0.360,940.000
https://doi.org/10.1039/C5RA12558H,Fe1Fe2O4,,0.100,0.080,0.000,2.391,90.000,80.000,23.000,0.000,0.000,600.000,0.360,1880.000
https://doi.org/10.1039/C5RA12558H,Fe1Fe2O4,,0.100,0.080,0.000,2.391,90.000,80.000,23.000,0.000,0.000,800.000,0.360,2666.000
https://doi.org/10.1039/C5RA12558H,Fe1Fe2O4,,0.100,0.030,0.000,2.391,92.000,118.000,13.000,0.000,0.000,200.000,0.360,226.000
https://doi.org/10.1039/C5RA12558H,Fe1Fe2O4,,0.100,0.030,0.000,2.391,92.000,118.000,13.000,0.000,0.000,400.000,0.360,440.000
https://doi.org/10.1039/C5RA12558H,Fe1Fe2O4,,0.100,0.030,0.000,2.391,92.000,118.000,13.000,0.000,0.000,600.000,0.360,702.000
https://doi.org/10.1039/C5RA12558H,Fe1Fe2O4,,0.100,0.030,0.000,2.391,92.000,118.000,13.000,0.000,0.000,800.000,0.360,875.000
https://doi.org/10.1021/acsnano.8b06542,Co0.24Mn0.15Fe0.61Fe2O4,,1.000,0.290,0.000,2.378,93.000,0.000,0.000,0.000,0.000,337.000,0.420,1718.000
10.1039/d0na00820f,Fe1Fe2O4,carboxymethylcellulose,2.500,0.420,0.000,2.391,20.000,0.000,0.000,-3.288,7.000,250.000,0.110,7.500
10.1039/d0na00820f,Co0.03Fe0.97Fe2O4,carboxymethylcellulose,2.500,0.420,0.000,2.387,20.000,0.000,0.000,-3.288,7.000,250.000,0.110,11.800
10.1039/d0na00820f,Co0.05Fe0.95Fe2O4,carboxymethylcellulose,2.500,0.430,0.000,2.384,20.000,0.000,0.000,-3.288,7.000,250.000,0.110,13.300
10.1039/d0na00820f,Co0.1Fe0.9Fe2O4,carboxymethylcellulose,2.500,0.420,0.000,2.377,20.000,0.000,0.000,-3.288,7.000,250.000,0.110,13.800
https://doi.org/10.1016/j.biomaterials.2014.04.036,Fe2O3,,1.000,0.300,0.000,2.368,28.000,3.564,19.253,0.000,0.000,126.000,0.320,86.000
https://doi.org/10.1016/j.biomaterials.2014.04.036,Fe2O3,,1.000,0.300,0.000,2.368,28.000,3.566,19.503,0.000,0.000,185.000,0.500,112.000
https://doi.org/10.1016/j.biomaterials.2014.04.036,Fe2O3,,1.000,0.300,0.000,2.368,28.000,3.564,19.253,0.000,0.000,302.000,0.900,253.000
https://doi.org/10.1016/j.biomaterials.2014.04.036,Co1Fe2O4,,1.000,0.330,0.000,2.246,32.000,3.564,19.253,0.000,0.000,185.000,0.500,316.000
https://doi.org/10.1016/j.biomaterials.2014.04.036,Co1Fe2O4,,1.000,0.330,0.000,2.246,32.000,3.564,19.253,0.000,0.000,243.000,0.700,322.000
https://doi.org/10.1016/j.biomaterials.2014.04.036,Au1Fe2O3,,1.000,0.030,1.000,2.262,28.000,3.564,19.253,0.000,0.000,126.000,0.320,74.000
https://doi.org/10.1016/j.biomaterials.2014.04.036,Fe2O3,,1.000,0.330,0.000,2.368,39.000,7.224,32.580,0.000,0.000,126.000,0.320,337.000
https://doi.org/10.1016/j.biomaterials.2014.04.036,Fe2O3,,1.000,0.330,0.000,2.368,39.000,7.224,32.580,0.000,0.000,302.000,0.900,806.000
https://doi.org/10.1016/j.biomaterials.2014.04.036,Fe2O3,,1.000,0.140,0.000,2.368,39.000,7.224,32.580,0.000,0.000,126.000,0.320,521.000
https://doi.org/10.1016/j.biomaterials.2014.04.036,Fe2O3,,1.000,0.140,0.000,2.368,39.000,7.224,32.580,0.000,0.000,185.000,0.500,928.000
